Workbook

Sheet contrib PPTO
A1: Sucursal | B1: 45658 | C1: 45689 | D1: 45717 | E1: 45748 | F1: 45778 | G1: 45809 | H1: 45839 | I1: 45870 | J1: 45901 | K1: 45931 | L1: 45962 | M1: 45992 | N1: 46023 | O1: 46054 | P1: 46082 | Q1: 46113 | R1: 46143 | S1: 46174 | T1: 46204 | U1: 46235 | V1: 46266 | W1: 46296 | X1: 46327 | Y1: 46357 | AA1: Banner
A2: 1000-Belsport Ahumada | B2: 40708.648 | C2: 76391.457 | D2: 82480.455 | E2: 57960.932 | F2: 55346.08 | G2: 56756.371 | H2: 54153.583 | I2: 73398.187 | J2: 83417.009 | K2: 67291.104 | L2: 71934.422 | M2: 194178.41 | N2: 41221.198 | O2: 62763.745 | P2: 66816.38 | Q2: 44049.065 | R2: 50970.991 | S2: 40968.602 | T2: 44873.111 | U2: 54176.539 | V2: 59575.669 | W2: 60203.527 | X2: 70405.774 | Y2: 148424.69 | Z2: 1000 | AA2: Belsport | AB2: 4 | AC2: 5 | AD2: 6 | AE2: 7 | AF2: 8 | AG2: 9 | AH2: 10 | AI2: 11 | AJ2: 12 | AK2: 13 | AL2: 14 | AM2: 15 | AN2: 16 | AO2: 17 | AP2: 18 | AQ2: 19
A3: 1001-Belsport Puente | B3: 18530.609 | C3: 34794.082 | D3: 38968.473 | E3: 27362.934 | F3: 26185.547 | G3: 26878.559 | H3: 25623.152 | I3: 34699.124 | J3: 39396.211 | K3: 31818.955 | L3: 33980.893 | M3: 91576.732 | N3: 22268.538 | O3: 36877.762 | P3: 40911.578 | Q3: 27452.904 | R3: 33696.939 | S3: 25612.041 | T3: 27443.517 | U3: 31232.672 | V3: 37661.126 | W3: 31722.14 | X3: 34625.733 | Y3: 92254.906 | Z3: 1001 | AA3: Belsport
A4: 1003-Belsport Maipu | B4: 33041.649 | C4: 62037.591 | D4: 67244.585 | E4: 47214.338 | F4: 45192.385 | G4: 46392.753 | H4: 44222.077 | I4: 59880.973 | J4: 67980.214 | K4: 54911.779 | L4: 58637.094 | M4: 157998.55 | N4: 36416.264 | O4: 75128.977 | P4: 71246.41 | Q4: 50193.862 | R4: 48465.403 | S4: 43812.042 | T4: 41348.556 | U4: 51041.225 | V4: 69916.549 | W4: 54803.916 | X4: 62542.538 | Y4: 150032.51 | Z4: 1003 | AA4: Belsport
A5: 1004-Belsport Rosas | B5: 35962.692 | C5: 67527.514 | D5: 88037.317 | E5: 61857.07 | F5: 59090.224 | G5: 60606.658 | H5: 57817.806 | I5: 78352.173 | J5: 89030.825 | K5: 71835.796 | L5: 76778.681 | M5: 207192.14 | N5: 43286.665 | O5: 69478.754 | P5: 73858.453 | Q5: 52629.457 | R5: 59370.323 | S5: 47950.898 | T5: 45525.245 | U5: 59994.218 | V5: 71556.445 | W5: 64304.204 | X5: 74993.341 | Y5: 158084.5 | Z5: 1004 | AA5: Belsport
A6: 1005-Belsport San Bernardo | B6: 25760.249 | C6: 48389.444 | D6: 63722.277 | E6: 44751.366 | F6: 42807.463 | G6: 43932.128 | H6: 41887.496 | I6: 56733.987 | J6: 64426.454 | K6: 52022.601 | L6: 55568.068 | M6: 149801.37 | N6: 28122.951 | O6: 57316.986 | P6: 65123.069 | Q6: 43299.242 | R6: 48660.688 | S6: 41508.242 | T6: 37720.807 | U6: 48784.251 | V6: 67547.596 | W6: 48840.341 | X6: 53980.289 | Y6: 129147.15 | Z6: 1005 | AA6: Belsport
A7: 1006-Belsport Vespucio I | B7: 32940.598 | C7: 61838.312 | D7: 64887.736 | E7: 45563.86 | F7: 43600.87 | G7: 44753.685 | H7: 42664.363 | I7: 57777.772 | J7: 65600.607 | K7: 52981.682 | L7: 56582.961 | M7: 152494.57 | N7: 36059.367 | O7: 70959.148 | P7: 67616.375 | Q7: 51631.802 | R7: 52872.028 | S7: 44313.623 | T7: 42848.794 | U7: 50472.918 | V7: 68583.887 | W7: 50280.589 | X7: 56157.108 | Y7: 147757.4 | Z7: 1006 | AA7: Belsport
A8: 1007-Belsport Rancagua | B8: 33185.067 | C8: 62257.794 | D8: 57487.569 | E8: 40389.326 | F8: 38590.236 | G8: 39583.968 | H8: 37759.491 | I8: 51166.105 | J8: 58134.381 | K8: 46911.65 | L8: 50135.12 | M8: 135272.98 | N8: 36741.985 | O8: 62647.257 | P8: 62573.968 | Q8: 36402.653 | R8: 37897.84 | S8: 28831.614 | T8: 29638.807 | U8: 34304.184 | V8: 48973.542 | W8: 43378.755 | X8: 48858.781 | Y8: 117112.38 | Z8: 1007 | AA8: Belsport
A9: 1008-Belsport Marina | B9: 68511.855 | C9: 128391.23 | D9: 60447.452 | E9: 42470.939 | F9: 40573.524 | G9: 41615.799 | H9: 39699.907 | I9: 53798.389 | J9: 61129.013 | K9: 49324.376 | L9: 52716.938 | M9: 142253.94 | N9: 48414.021 | O9: 66797.453 | P9: 64560.503 | Q9: 37988.673 | R9: 39444.07 | S9: 32510.945 | T9: 33938.454 | U9: 36986.562 | V9: 43967.504 | W9: 47572.722 | X9: 51319.692 | Y9: 105264.17 | Z9: 1008 | AA9: Belsport
A10: 1009-Belsport Calama | B10: 34141.345 | C10: 64059.305 | D10: 54847.091 | E10: 38512.499 | F10: 36855.644 | G10: 37831.172 | H10: 36064.092 | I10: 48838.203 | J10: 55449.048 | K10: 44784.466 | L10: 47827.179 | M10: 128891.01 | N10: 34300.554 | O10: 53989.723 | P10: 57500.197 | Q10: 41707.74 | R10: 46778.74 | S10: 38992.891 | T10: 36688.059 | U10: 42594.794 | V10: 45300.818 | W10: 46388.507 | X10: 46978.024 | Y10: 119680.98 | Z10: 1009 | AA10: Belsport
A11: 1010-Belsport Concepcion I | B11: 51638.199 | C11: 96851.188 | D11: 77719.064 | E11: 54600.767 | F11: 52175.946 | G11: 53522.816 | H11: 51052.968 | I11: 69175.665 | J11: 78591.622 | K11: 63424.607 | L11: 67778.437 | M11: 182858.35 | N11: 51740.331 | O11: 85089.077 | P11: 79257.409 | Q11: 55136.29 | R11: 52637.079 | S11: 45472.809 | T11: 46417.188 | U11: 48519.532 | V11: 62939.894 | W11: 64143.632 | X11: 66024.352 | Y11: 126647.06 | Z11: 1010 | AA11: Belsport
A12: 1012-Belsport Plaza Oeste II | B12: 17906.478 | C12: 33637.522 | D12: 44562.793 | E12: 31295.515 | F12: 29937.14 | G12: 30724.134 | H12: 29293.799 | I12: 39676.076 | J12: 45054.977 | K12: 36381.364 | L12: 38860.233 | M12: 104757.36 | N12: 26333.541 | O12: 48424.227 | P12: 46501.217 | Q12: 32938.377 | R12: 34924.371 | S12: 27361.84 | T12: 25919.556 | U12: 31448.379 | V12: 42661.565 | W12: 35748.953 | X12: 37982.3 | Y12: 99352.786 | Z12: 1012 | AA12: Belsport
A13: 1013-Belsport Los Angeles | B13: 29540.854 | C13: 55444.05 | D13: 54649.727 | E13: 38377.666 | F13: 36716.465 | G13: 37683.737 | H13: 35927.583 | I13: 48658.618 | J13: 55252.138 | K13: 44618.551 | L13: 47655.971 | M13: 128456.38 | N13: 38203.618 | O13: 70290.772 | P13: 63673.668 | Q13: 39531.918 | R13: 39741.108 | S13: 31151.721 | T13: 36943.606 | U13: 39123.632 | V13: 47135.699 | W13: 49586.448 | X13: 50937.245 | Y13: 96142.409 | Z13: 1013 | AA13: Belsport
A14: 1014-Belsport Florida Center | B14: 21444.63 | C14: 40263.646 | D14: 44630.172 | E14: 31339.307 | F14: 29988.567 | G14: 30781.212 | H14: 29344.422 | I14: 39739.678 | J14: 45120.637 | K14: 36440.847 | L14: 38918.149 | M14: 104888.33 | N14: 23498.007 | O14: 45951.211 | P14: 42499.812 | Q14: 29549.753 | R14: 31682.06 | S14: 29404.504 | T14: 27744.2 | U14: 34339.608 | V14: 47021.65 | W14: 36543.791 | X14: 41816.35 | Y14: 104019.84 | Z14: 1014 | AA14: Belsport
... A122: 8028-Aufbau Punta Arenas | B122: 7179.7946 | C122: 7614.6767 | D122: 8222.4925 | E122: 7722.6436 | F122: 6733.8507 | G122: 6988.2405 | H122: 7214.5598 | I122: 7523.519 | J122: 7106.7756 | K122: 9440.1346 | L122: 9973.436 | M122: 18668.048 | N122: 20088.87 | O122: 17938.663 | P122: 22546.054 | Q122: 17661.995 | R122: 18615.05 | S122: 14738.96 | T122: 15568.057 | U122: 1280.691 | V122: 17070.536 | W122: 26477.507 | X122: 34363.546 | Y122: 34566.045 | Z122: 8028 | AA122: Aufbau
A123: B002-Bamers Apumanque | B123: 10988.911 | C123: 9206.5532 | D123: 5506.5643 | E123: 6076.483 | F123: 13120.592 | G123: 8652.319 | H123: 7955.5066 | I123: 4022.0716 | J123: 4378.766 | K123: 6337.954 | L123: 10979.681 | M123: 24874.713 | N123: 10485.539 | O123: 6048.2023 | P123: 5067.4841 | Q123: 6060.0853 | R123: 12336.122 | S123: 6563.1116 | T123: 4981.6036 | U123: 4659.704 | V123: 5350.9582 | W123: 7973.7349 | X123: 11557.01 | Y123: 24495.656 | Z123: B002 | AA123: Bamers
A124: B003-Bamers Open Plaza Rancagu | B124: 12885.822 | C124: 10795.792 | D124: 6457.1094 | E124: 7125.4085 | F124: 15385.473 | G124: 10145.886 | H124: 9328.7893 | I124: 4716.3637 | J124: 5134.6307 | K124: 7432.0137 | L124: 12874.998 | M124: 29168.596 | N124: 12020.976 | O124: 8783.252 | P124: 6466.1895 | Q124: 10748.029 | R124: 18230.279 | S124: 8381.2632 | T124: 4851.2884 | U124: 4537.8094 | V124: 6073.932 | W124: 7837.8313 | X124: 12424.177 | Y124: 34729.946 | Z124: B003 | AA124: Bamers
A125: B004-Bamers Plaza Antofagasta | B125: 14786.726 | C125: 12388.378 | D125: 7409.6561 | E125: 8176.5422 | F125: 17655.124 | G125: 11642.597 | H125: 10704.964 | I125: 5412.117 | J125: 5892.0865 | K125: 8528.3782 | L125: 14774.306 | M125: 33471.52 | N125: 15030.123 | O125: 10152.876 | P125: 7488.6869 | Q125: 8618.2514 | R125: 16790.73 | S125: 8577.6108 | T125: 5390.5129 | U125: 5042.1905 | V125: 9249.3128 | W125: 9687.7777 | X125: 14631.129 | Y125: 46958.621 | Z125: B004 | AA125: Bamers
A126: B007-Bamers Marina Arauco | B126: 27070.51 | C126: 22679.78 | D126: 13565.084 | E126: 14969.044 | F126: 32321.774 | G126: 21314.458 | H126: 19597.902 | I126: 9908.1275 | J126: 10786.822 | K126: 15613.161 | L126: 27047.772 | M126: 61277.331 | N126: 27801.33 | O126: 20473.445 | P126: 14379.9 | Q126: 15689 | R126: 33119.277 | S126: 18016.103 | T126: 11184.1 | U126: 10461.409 | V126: 12476.328 | W126: 13264.775 | X126: 26385.533 | Y126: 61210.372 | Z126: B007 | AA126: Bamers
A127: B008-Bamers Arauco Maipu | B127: 20299.88 | C127: 17007.319 | D127: 10172.308 | E127: 11225.123 | F127: 24237.744 | G127: 15983.479 | H127: 14696.253 | I127: 7429.9969 | J127: 8088.9203 | K127: 11708.139 | L127: 20282.829 | M127: 45951.201 | N127: 18203.621 | O127: 14921.104 | P127: 10666.179 | Q127: 12439.593 | R127: 30116.334 | S127: 12573.635 | T127: 7907.4356 | U127: 7396.4755 | V127: 9667.4578 | W127: 12403.786 | X127: 19194.38 | Y127: 60018.918 | Z127: B008 | AA127: Bamers
A128: B010-Bamers Portal Osorno | B128: 12667.966 | C128: 10613.271 | D128: 6347.9411 | E128: 7004.9412 | F128: 15125.356 | G128: 9974.3526 | H128: 9171.0701 | I128: 4636.6255 | J128: 5047.8211 | K128: 7306.3635 | L128: 12657.325 | M128: 28675.452 | N128: 14274.436 | O128: 10213.646 | P128: 7244.4663 | Q128: 7894.2058 | R128: 11964.237 | S128: 9240.6027 | T128: 5364.1448 | U128: 5017.5262 | V128: 6636.6056 | W128: 7063.0892 | X128: 10003.809 | Y128: 37575.458 | Z128: B010 | AA128: Bamers
A129: B011-Bamers Plaza Tobalaba | B129: 21095.125 | C129: 17673.579 | D129: 10570.807 | E129: 11664.866 | F129: 25187.256 | G129: 16609.63 | H129: 15271.977 | I129: 7721.0664 | J129: 8405.8023 | K129: 12166.804 | L129: 21077.406 | M129: 47751.333 | N129: 18327.195 | O129: 12072.35 | P129: 10749.073 | Q129: 12199.899 | R129: 26692.887 | S129: 13015.516 | T129: 8185.6159 | U129: 7656.6804 | V129: 9392.7565 | W129: 9845.771 | X129: 18191.904 | Y129: 55007.322 | Z129: B011 | AA129: Bamers
A130: B012-Bamers Mall Center Concep | B130: 14827.502 | C130: 12422.54 | D130: 7430.0888 | E130: 8199.0892 | F130: 17703.81 | G130: 11674.703 | H130: 10734.483 | I130: 5427.0415 | J130: 5908.3347 | K130: 8551.8959 | L130: 14815.048 | M130: 33563.821 | N130: 14474.188 | O130: 8021.287 | P130: 7163.2423 | Q130: 9017.6346 | R130: 17549.555 | S130: 6328.2009 | T130: 7419.9482 | U130: 6940.4884 | V130: 8314.415 | W130: 8003.6778 | X130: 12496.765 | Y130: 33258.95 | Z130: B012 | AA130: Bamers
A131: B016-Bamers Alto Las Condes | B131: 39253.206 | C131: 32886.49 | D131: 19669.855 | E131: 21705.648 | F131: 46867.724 | G131: 30906.724 | H131: 28417.658 | I131: 14367.139 | J131: 15641.277 | K131: 22639.64 | L131: 39220.234 | M131: 88854.316 | N131: 34466.152 | O131: 19649.5 | P131: 14298.113 | Q131: 21715.02 | R131: 43204.571 | S131: 20934.384 | T131: 14921.667 | U131: 13957.464 | V131: 17145.577 | W131: 21068.38 | X131: 32592.212 | Y131: 85868.193 | Z131: B016 | AA131: Bamers
A132: B019-Bamers Portal La Reina | B132: 20713.239 | C132: 17353.634 | D132: 10379.443 | E132: 11453.696 | F132: 24731.29 | G132: 16308.945 | H132: 14995.508 | I132: 7581.291 | J132: 8253.6324 | K132: 11946.548 | L132: 20695.841 | M132: 46886.89 | N132: 20278.333 | O132: 12038.242 | P132: 10815.924 | Q132: 11724.631 | R132: 22931.646 | S132: 12633.121 | T132: 8626.1587 | U132: 8068.7564 | V132: 10425.058 | W132: 13745.79 | X132: 21615.55 | Y132: 51959.373 | Z132: B019 | AA132: Bamers
A133: B022-Bamers Plaza Egaña | B133: 18869.85 | C133: 15809.235 | D133: 9455.7168 | E133: 10434.366 | F133: 22530.311 | G133: 14857.519 | H133: 13660.972 | I133: 6906.5889 | J133: 7519.0944 | K133: 10883.356 | L133: 18854 | M133: 42714.157 | N133: 16199.071 | O133: 11901.885 | P133: 9372.9203 | Q133: 10387.646 | R133: 25003.38 | S133: 11492.113 | T133: 7019.4397 | U133: 6565.8598 | V133: 8218.127 | W133: 11119.074 | X133: 16978.737 | Y133: 47961.804 | Z133: B022 | AA133: Bamers
A134: B024-Bamers Plaza Oeste | B134: 20976.655 | C134: 17574.325 | D134: 10511.441 | E134: 11599.356 | F134: 25045.804 | G134: 16516.35 | H134: 15186.21 | I134: 7677.7047 | J134: 8358.5954 | K134: 12098.475 | L134: 20959.035 | M134: 47483.162 | N134: 18275.495 | O134: 12803.722 | P134: 9615.8223 | Q134: 13956.228 | R134: 31472.332 | S134: 15978.962 | T134: 9951.7223 | U134: 9308.6651 | V134: 8623.5398 | W134: 10841.396 | X134: 20704.233 | Y134: 51794.6 | Z134: B024 | AA134: Bamers
... A144: B056-Bamers Rosas | B144: 33227.136 | C144: 27837.826 | D144: 5506.5643 | E144: 6076.483 | F144: 13120.592 | G144: 8652.319 | H144: 7955.5066 | I144: 4022.0716 | J144: 4378.766 | K144: 6337.954 | L144: 10979.681 | M144: 24874.713 | N144: 9478.3242 | O144: 7148.409 | P144: 5607.2631 | Q144: 7511.7414 | R144: 10927.988 | S144: 7201.2762 | T144: 5552.8453 | U144: 5194.0333 | V144: 6470.6392 | W144: 8560.0242 | X144: 15891.525 | Y144: 34725.764 | Z144: B056 | AA144: Bamers
A145: B057-Bamers Puerto Varas II | B145: 0 | C145: 0 | D145: 6864.612 | E145: 7575.0861 | F145: 16356.437 | G145: 10786.183 | H145: 9917.5208 | I145: 5014.0089 | J145: 5458.6728 | K145: 7901.0413 | L145: 13687.528 | M145: 31009.399 | N145: 7198.1252 | O145: 13877.047 | P145: 9477.5341 | Q145: 9514.1958 | R145: 10965.884 | S145: 8506.8796 | T145: 7049.6761 | U145: 6594.1424 | V145: 5795.7459 | W145: 6161.8011 | X145: 5676.0833 | Y145: 22119.524 | Z145: 24 | AA145: Bamers
A146: B058-Bamers Florida Center II | B146: 0 | C146: 13491.155 | D146: 8069.2421 | E146: 8904.3936 | F146: 19226.731 | G146: 12678.988 | H146: 11657.888 | I146: 5893.8881 | J146: 6416.5827 | K146: 9287.5493 | L146: 16089.471 | M146: 36451.057 | N146: 15329.668 | O146: 9775.7598 | P146: 8655.8914 | Q146: 8838.5153 | R146: 15967.832 | S146: 10250.661 | T146: 5934.5371 | U146: 5551.0611 | V146: 6961.986 | W146: 10099.851 | X146: 16511.586 | Y146: 46095.465 | Z146: 21 | AA146: Bamers
A147: B602-Bamers Easton Center | B147: 10268.406 | C147: 7923.3028 | D147: 4804.3969 | E147: 5036.3326 | F147: 5687.4984 | G147: 4870.2809 | H147: 6049.6531 | I147: 4015.4174 | J147: 3788.0741 | K147: 5118.7717 | L147: 5858.8394 | M147: 13233.765 | N147: 7121.8508 | O147: 5179.2819 | P147: 3875.6623 | Q147: 2413.2181 | R147: 5281.1105 | S147: 4492.7237 | T147: 4001.7259 | U147: 4941.3667 | V147: 4577.9515 | W147: 5066.926 | X147: 6607.8718 | Y147: 14282.37 | Z147: B602 | AA147: Bamers
A148: B603-Bamers Buenaventura | B148: 13554.25 | C148: 10458.725 | D148: 6341.7824 | E148: 6647.9364 | F148: 7507.4722 | G148: 6428.7489 | H148: 7985.5151 | I148: 5300.3328 | J148: 5000.2407 | K148: 6756.7559 | L148: 7733.6417 | M148: 17468.51 | N148: 8725.7988 | O148: 7125.5308 | P148: 4704.9695 | Q148: 3911.6886 | R148: 6651.6558 | S148: 6691.6882 | T148: 6425.4412 | U148: 6749.6994 | V148: 7745.0642 | W148: 7183.9966 | X148: 9585.0921 | Y148: 22829.352 | Z148: B603 | AA148: Bamers
A149: D002-Oakley Costanera Center | B149: 23389.711 | C149: 24415.368 | D149: 17236.829 | E149: 18956.882 | F149: 18659.801 | G149: 24599.278 | H149: 26930.348 | I149: 22428.816 | J149: 24735.035 | K149: 29447.184 | L149: 23580.658 | M149: 48702.534 | N149: 25820.452 | O149: 23295.462 | P149: 31985.098 | Q149: 25773.551 | R149: 26038.405 | S149: 30989.055 | T149: 28678.628 | U149: 31678.437 | V149: 25952.571 | W149: 24924.907 | X149: 31036.036 | Y149: 63564.65 | Z149: D002 | AA149: Oakley
A150: D004-Oakley Alto Las Condes | B150: 16461.287 | C150: 17183.128 | D150: 12715.236 | E150: 9247.9849 | F150: 11373.154 | G150: 17190.084 | H150: 17113.649 | I150: 10931.89 | J150: 13023.635 | K150: 19653.466 | L150: 10873.55 | M150: 38069.635 | N150: 18044.855 | O150: 12624.394 | P150: 16064.558 | Q150: 14288.305 | R150: 16718.968 | S150: 20816.426 | T150: 17253.76 | U150: 17901.312 | V150: 14791.905 | W150: 15287.993 | X150: 18416.095 | Y150: 53685.618 | Z150: D004 | AA150: Oakley
A151: D011-Oakley Marina | B151: 24262.981 | C151: 25326.932 | D151: 13865.408 | E151: 11385.626 | F151: 13403.779 | G151: 12037.297 | H151: 16187.431 | I151: 11283.883 | J151: 15588.793 | K151: 18087.133 | L151: 13215.255 | M151: 35089.451 | N151: 26956.01 | O151: 17488.307 | P151: 20825.848 | Q151: 13767.205 | R151: 17456.781 | S151: 12877.913 | T151: 13188.625 | U151: 16202.581 | V151: 15572.191 | W151: 18576.785 | X151: 22599.21 | Y151: 47930.115 | Z151: D011 | AA151: Oakley
A152: D012-Oakley Antofagasta | B152: 13256.32 | C152: 13837.62 | D152: 12620.374 | E152: 10439.15 | F152: 12400.545 | G152: 20648.816 | H152: 16789.9 | I152: 12843.804 | J152: 12616.953 | K152: 18546.314 | L152: 12200.544 | M152: 41232.737 | N152: 15727.861 | O152: 14652.622 | P152: 20626.899 | Q152: 11427.985 | R152: 13171.669 | S152: 17824.798 | T152: 12111.064 | U152: 19946.465 | V152: 14964.236 | W152: 17403.208 | X152: 20038.92 | Y152: 56098.254 | Z152: D012 | AA152: Oakley
A153: D013-Oakley Puerto Montt | B153: 19488.438 | C153: 20343.022 | D153: 9220.2004 | E153: 7843.6368 | F153: 7661.5449 | G153: 11916.233 | H153: 10829.512 | I153: 8776.3518 | J153: 8977.6979 | K153: 12885.19 | L153: 10075.891 | M153: 20061.194 | N153: 20104.974 | O153: 15506.69 | P153: 17719.959 | Q153: 12392.546 | R153: 10258.411 | S153: 10411.341 | T153: 9841.0315 | U153: 13656.421 | V153: 9419.6081 | W153: 11136.616 | X153: 12666.951 | Y153: 30188.734 | Z153: D013 | AA153: Oakley
A154: D014-Oakley Parque Arauco | B154: 19412.972 | C154: 20264.246 | D154: 18906.316 | E154: 13963.945 | F154: 17838.459 | G154: 28014.309 | H154: 24428.888 | I154: 16949.557 | J154: 17039.123 | K154: 26720.754 | L154: 22605.277 | M154: 47401.413 | N154: 22910.271 | O154: 20461.24 | P154: 26365.603 | Q154: 22646.204 | R154: 23913.668 | S154: 25582.388 | T154: 26812.228 | U154: 25541.03 | V154: 18661.773 | W154: 22531.667 | X154: 28938.942 | Y154: 64036.933 | Z154: D014 | AA154: Oakley
A155: E001-Oakley Portal Rancagua | B155: 8661.312 | C155: 10808.226 | D155: 8061.7788 | E155: 4245.2471 | F155: 4832.8325 | G155: 9545.7172 | H155: 10123.546 | I155: 8526.2376 | J155: 9497.1824 | K155: 12007.358 | L155: 7395.2254 | M155: 21177.011 | N155: 9918.787 | O155: 10407.864 | P155: 10180.486 | Q155: 10105.801 | R155: 9428.7503 | S155: 9429.1833 | T155: 7770.162 | U155: 12242.866 | V155: 9964.6632 | W155: 10886.662 | X155: 14316.124 | Y155: 36940.235 | Z155: E001 | AA155: Oakley
A156: E002-Oakley El Trebol | B156: 11174.949 | C156: 11641.784 | D156: 9793.2915 | E156: 7813.4076 | F156: 8157.7811 | G156: 12661.043 | H156: 16515.155 | I156: 9733.0052 | J156: 10306.088 | K156: 10618.7 | L156: 8277.7691 | M156: 28110.793 | N156: 12797.362 | O156: 11642.187 | P156: 12608.916 | Q156: 12894.399 | R156: 11875.261 | S156: 11967.318 | T156: 11912.882 | U156: 13975.669 | V156: 11648.582 | W156: 11374.254 | X156: 15267.084 | Y156: 42312.39 | Z156: E002 | AA156: Oakley
A157: E602-The Lab Easton Center | B157: 1652.9837 | C157: 1659.7496 | D157: 1578.5133 | E157: 0 | F157: 0 | G157: 0 | H157: 0 | I157: 0 | J157: 0 | K157: 0 | L157: 0 | M157: 0 | N157: 0 | O157: 0 | P157: 0 | Q157: 0 | R157: 0 | S157: 0 | T157: 0 | U157: 0 | V157: 0 | W157: 0 | X157: 0 | Y157: 0 | Z157: E602 | AA157: Oakley
A158: B023-Bamers Florida Center | B158: 17176.53 | C158: 3597.6413 | D158: 0 | E158: 0 | F158: 0 | G158: 0 | H158: 0 | I158: 0 | J158: 0 | K158: 0 | L158: 0 | M158: 0 | N158: 0 | O158: 0 | P158: 0 | Q158: 0 | R158: 0 | S158: 0 | T158: 0 | U158: 0 | V158: 0 | W158: 0 | X158: 0 | Y158: 0 | Z158: B023 | AA158: Bamers
A159: B023-Bamers Florida Center | B159: 9162.5601 | C159: 7676.4292 | D159: 0 | E159: 0 | F159: 10939.956 | G159: 7214.3081 | H159: 6633.3054 | I159: 3353.606 | J159: 3651.0176 | K159: 5284.5894 | L159: 9154.8636 | M159: 20740.549 | N159: 0 | O159: 0 | P159: 0 | Q159: 0 | R159: 0 | S159: 0 | T159: 0 | U159: 0 | V159: 0 | W159: 0 | X159: 0 | Y159: 0 | Z159: B006 | AA159: Bamers
A160: 2001-Bold Plaza Vespucio | B160: 44800.715 | C160: 64207.843 | D160: 314.47304 | E160: 125.78922 | F160: 377.36765 | G160: 503.15686 | H160: 377.36765 | I160: 377.36765 | J160: 251.57843 | K160: 377.36765 | L160: 251.57843 | M160: 0 | N160: 0 | O160: 0 | P160: 0 | Q160: 0 | R160: 0 | S160: 0 | T160: 0 | U160: 0 | V160: 0 | W160: 0 | X160: 0 | Y160: 0 | Z160: 2001 | AA160: Bold
A161: 1011-Belsport Puerto Montt | B161: 55106.186 | C161: 103311.65 | D161: 55640.592 | E161: 39062.111 | F161: 37402.078 | G161: 38401.293 | H161: 36599.437 | I161: 49552.523 | J161: 56245.973 | K161: 45441.99 | L161: 48517.316 | M161: 130696.88 | N161: 47811.964 | O161: 80863.181 | P161: 68261.575 | Q161: 48364.286 | R161: 41659.02 | S161: 38103.655 | T161: 37449.737 | U161: 38960.87 | V161: 56422.08 | W161: 57259.31 | X161: 54875.205 | Y161: 108772.75 | Z161: 1011 | AA161: Belsport
A162: 5002-Drops MUT | B162: 0 | C162: 0 | D162: 0 | E162: 0 | F162: 0 | G162: 17546.764 | H162: 32334.598 | I162: 36063.24 | J162: 32292.506 | K162: 32058.288 | L162: 35118.519 | M162: 74813.418 | N162: 22904.219 | O162: 34236.972 | P162: 32471.018 | Q162: 23739.025 | R162: 25156.168 | S162: 21921.103 | T162: 23724.913 | U162: 32073.521 | V162: 34525.622 | W162: 28906.769 | X162: 31919.962 | Y162: 73118.102 | Z162: 14 | AA162: Drops
A163: 2037-Bold Vespucio III | B163: 16.409605 | C163: 41.024013 | D163: 102018.17 | E163: 89875.769 | F163: 88613.776 | G163: 79632.452 | H163: 79949.706 | I163: 107036.73 | J163: 117959.21 | K163: 97579.727 | L163: 108537.82 | M163: 260444.71 | N163: 80054.156 | O163: 120620.33 | P163: 110531.46 | Q163: 80790.279 | R163: 93762.37 | S163: 76906.214 | T163: 72430.216 | U163: 87936.59 | V163: 134134.36 | W163: 100368.19 | X163: 117245.06 | Y163: 294905 | Z163: 5 | AA163: Bold
A164: 7502-Hoka Marina | N164: 42576.439 | O164: 44144.126 | P164: 48041.628 | Q164: 44626.589 | R164: 41111.341 | S164: 37011.642 | T164: 34561.005 | U164: 37760.702 | V164: 42185.444 | W164: 44314.493 | X164: 42801.811 | Y164: 92419.849 | Z164: 7502 | AA164: Hoka
A165: Bamers X | B165: 0 | C165: 0 | D165: 0 | E165: 0 | F165: 0 | G165: 0 | H165: 0 | I165: 0 | J165: 0 | K165: 0 | L165: 19398.039 | M165: 43946.69 | N165: 0 | O165: 0 | P165: 0 | Q165: 0 | R165: 0 | S165: 0 | T165: 0 | U165: 0 | V165: 0 | W165: 0 | X165: 0 | Y165: 0 | Z165: 22 | AA165: Bamers
A166: Bamers Y | B166: 0 | C166: 0 | D166: 0 | E166: 0 | F166: 0 | G166: 0 | H166: 0 | I166: 0 | J166: 0 | K166: 0 | L166: 17120.094 | M166: 38785.955 | N166: 0 | O166: 0 | P166: 0 | Q166: 0 | R166: 0 | S166: 0 | T166: 0 | U166: 0 | V166: 0 | W166: 0 | X166: 0 | Y166: 0 | Z166: 23 | AA166: Bamers
A167: Apple Puerto Varas | B167: 0 | C167: 0 | D167: 0 | E167: 0 | F167: 0 | G167: 0 | H167: 0 | I167: 0 | J167: 7106.7756 | K167: 9440.1346 | L167: 9973.436 | M167: 18668.048 | N167: 0 | O167: 0 | P167: 0 | Q167: 0 | R167: 0 | S167: 0 | T167: 0 | U167: 0 | V167: 0 | W167: 0 | X167: 0 | Y167: 0 | Z167: 42 | AA167: Aufbau
A168: Hoka Parque Arauco | N168: 0 | O168: 0 | P168: 0 | Q168: 76237.091 | R168: 70231.873 | S168: 63228.221 | T168: 59041.716 | U168: 64507.865 | V168: 72066.801 | W168: 75703.925 | X168: 73119.761 | Y168: 157883.91 | Z168: 7503 | AA168: Hoka
A169: Drops Parque Arauco | B169: 0 | C169: 0 | D169: 0 | E169: 0 | F169: 0 | G169: 0 | H169: 0 | I169: 0 | J169: 0 | K169: 0 | L169: 0 | M169: 0 | N169: 0 | O169: 0 | P169: 0 | Q169: 26112.928 | R169: 25156.168 | S169: 21921.103 | T169: 23724.913 | U169: 32073.521 | V169: 34525.622 | W169: 28906.769 | X169: 31919.962 | Y169: 73118.102 | Z169: 5003 | AA169: Drops
A172: BELSPORT | B172: 1769787.7 | C172: 3351156.8 | D172: 2932266.2 | E172: 2060877.3 | F172: 1969079.5 | G172: 2014180.1 | H172: 1915848.5 | I172: 2587271.1 | J172: 2982742.2 | K172: 2402549.7 | L172: 2562052.5 | M172: 6938685.5 | N172: 1966003.3 | O172: 3488541.9 | P172: 3289588.9 | Q172: 2160504.2 | R172: 2253407 | S172: 1873666.1 | T172: 1868807.4 | U172: 2180059.2 | V172: 2722869.7 | W172: 2495377.6 | X172: 2659095.2 | Y172: 5895530.5
A173: BOLD | B173: 1383361.5 | C173: 1799461.8 | D173: 1542385.8 | E173: 1355419.9 | F173: 1342062.7 | G173: 1209714.3 | H173: 1211671.2 | I173: 1619322.4 | J173: 1780884.6 | K173: 1476997.5 | L173: 1639095.6 | M173: 3919611.5 | N173: 1327875.1 | O173: 1848345.1 | P173: 1753006.9 | Q173: 1246321.1 | R173: 1315590 | S173: 1145273.5 | T173: 1138500.1 | U173: 1411717.5 | V173: 1828798.1 | W173: 1524535.2 | X173: 1694404.2 | Y173: 4002803.9
A174: K1 | B174: 0 | C174: 0 | D174: 0 | E174: 0 | F174: 0 | G174: 0 | H174: 0 | I174: 0 | J174: 0 | K174: 0 | L174: 0 | M174: 0 | N174: 0 | O174: 0 | P174: 0 | Q174: 0 | R174: 0 | S174: 0 | T174: 0 | U174: 0 | V174: 0 | W174: 0 | X174: 0 | Y174: 0
A175: ANTIHUMAN | B175: 25463.423 | C175: 34527.64 | D175: 34262.918 | E175: 30469.274 | F175: 30450.058 | G175: 29813.323 | H175: 30739.512 | I175: 32224.632 | J175: 35044.88 | K175: 34643.281 | L175: 34169.038 | M175: 77330.411 | N175: 25623.905 | O175: 33950.023 | P175: 37650.415 | Q175: 33476.988 | R175: 34928.445 | S175: 30314.854 | T175: 29454.369 | U175: 30219.963 | V175: 36812.175 | W175: 37154.032 | X175: 32985.86 | Y175: 73844.197
A176: AUFBAU | B176: 439348.14 | C176: 465959.57 | D176: 517071.23 | E176: 485638.25 | F176: 423458.03 | G176: 439455.33 | H176: 453687.41 | I176: 473116.29 | J176: 454016.18 | K176: 603082.75 | L176: 637152.71 | M176: 1192607.8 | N176: 541230.68 | O176: 522000.06 | P176: 657215.88 | Q176: 564230.38 | R176: 545962.47 | S176: 500680.27 | T176: 486856.8 | U176: 497882.99 | V176: 548472.11 | W176: 896552.33 | X176: 757980.27 | Y176: 860446.79
A177: BAMERS | B177: 563078.92 | C177: 454887.57 | D177: 269401.28 | E177: 299492.03 | F177: 645581.23 | G177: 428323.49 | H177: 397474.66 | I177: 203171.57 | J177: 219836.08 | K177: 317352.22 | L177: 579309.27 | M177: 1312346.3 | N177: 502586.37 | O177: 348710.55 | P177: 271831.09 | Q177: 337793.57 | R177: 632535.18 | S177: 330563.21 | T177: 226608.35 | U177: 213903.12 | V177: 258243.77 | W177: 307379.43 | X177: 477148.58 | Y177: 1300280.5
A178: CROCS | B178: 0 | C178: 0 | D178: 0 | E178: 0 | F178: 0 | G178: 0 | H178: 0 | I178: 0 | J178: 0 | K178: 0 | L178: 0 | M178: 0 | N178: 0 | O178: 0 | P178: 0 | Q178: 0 | R178: 0 | S178: 0 | T178: 0 | U178: 0 | V178: 0 | W178: 0 | X178: 0 | Y178: 0
A179: DROPS | B179: 8007.3265 | C179: 13190.454 | D179: 16050.163 | E179: 16408.909 | F179: 26810.136 | G179: 43469.132 | H179: 49751.02 | I179: 59161.919 | J179: 61378.723 | K179: 53315.525 | L179: 55830.16 | M179: 127699.24 | N179: 22904.219 | O179: 34236.972 | P179: 32471.018 | Q179: 49851.953 | R179: 50312.336 | S179: 43842.206 | T179: 47449.827 | U179: 64147.043 | V179: 69051.245 | W179: 57813.539 | X179: 63839.924 | Y179: 146236.2
A180: HOKA | B180: 42711.552 | C180: 42731.76 | D180: 45660.597 | E180: 50781.694 | F180: 46264.944 | G180: 42371.177 | H180: 36311.956 | I180: 45539.392 | J180: 46498.479 | K180: 46507.458 | L180: 46196.489 | M180: 102678.93 | N180: 103844.97 | O180: 107668.6 | P180: 117174.7 | Q180: 185944.12 | R180: 171297.25 | S180: 154215.17 | T180: 144004.19 | U180: 157336.26 | V180: 175772.69 | W180: 184643.72 | X180: 178340.88 | Y180: 385082.7
A181: LOCKER | B181: 32189.763 | C181: 52301.687 | D181: 48494.848 | E181: 34869.438 | F181: 34534.515 | G181: 26928.707 | H181: 27227.514 | I181: 33126.446 | J181: 42953.646 | K181: 29841.616 | L181: 30151.167 | M181: 76972.077 | N181: 28963.317 | O181: 64153.458 | P181: 51004.792 | Q181: 26774.177 | R181: 25581.419 | S181: 20682.926 | T181: 22796.551 | U181: 31480.178 | V181: 40826.054 | W181: 40137.301 | X181: 43575.24 | Y181: 100578.85
A182: OAKLEY | B182: 137760.95 | C182: 145480.07 | D182: 103997.95 | E182: 83895.88 | F182: 94327.897 | G182: 136612.78 | H182: 138918.43 | I182: 101473.54 | J182: 111784.51 | K182: 147966.1 | L182: 108224.17 | M182: 279844.77 | N182: 152280.57 | O182: 126078.77 | P182: 156377.37 | Q182: 123295.99 | R182: 128861.91 | S182: 139898.42 | T182: 127568.38 | U182: 151144.78 | V182: 120975.53 | W182: 132122.09 | X182: 163279.36 | Y182: 394756.93
A183: OUTLET/BELSPORT | B183: 0 | C183: 0 | D183: 0 | E183: 0 | F183: 0 | G183: 0 | H183: 0 | I183: 0 | J183: 0 | K183: 0 | L183: 0 | M183: 0 | N183: 0 | O183: 0 | P183: 0 | Q183: 0 | R183: 0 | S183: 0 | T183: 0 | U183: 0 | V183: 0 | W183: 0 | X183: 0 | Y183: 0
... A185: THE LAB | B185: 0 | C185: 0 | D185: 0 | E185: 0 | F185: 0 | G185: 0 | H185: 0 | I185: 0 | J185: 0 | K185: 0 | L185: 0 | M185: 0 | N185: 0 | O185: 0 | P185: 0 | Q185: 0 | R185: 0 | S185: 0 | T185: 0 | U185: 0 | V185: 0 | W185: 0 | X185: 0 | Y185: 0
B186: 4401709.2 | C186: 6359697.4 | D186: 5509591 | E186: 4417852.7 | F186: 4612569 | G186: 4370868.3 | H186: 4261630.2 | I186: 5154407.3 | J186: 5735139.3 | K186: 5112256.2 | L186: 5692181.1 | M186: 14027776 | N186: 4671312.4 | O186: 6573685.4 | P186: 6366321 | Q186: 4728192.6 | R186: 5158476.1 | S186: 4239136.7 | T186: 4092045.9 | U186: 4737891 | V186: 5801821.3 | W186: 5675715.3 | X186: 6070649.6 | Y186: 13159561
A188: BELSPORT | B188: -19.734464 | C188: -49.336159 | D188: -49.336159 | E188: -19.734464 | F188: -59.203391 | G188: -78.937854 | H188: -59.203391 | I188: -59.203391 | J188: -39.468927 | K188: -59.203391 | L188: -39.468927 | M188: -2.8521754e-09 | N188: -2.0372681e-10 | O188: -3.4924597e-10 | P188: 2.6484486e-09 | Q188: 0 | R188: 5.5297278e-10 | S188: -1.0186341e-09 | T188: 3.7107384e-10 | U188: -2.4738256e-10 | V188: 5.6752469e-10 | W188: -6.5483619e-10 | X188: 6.8394002e-10 | Y188: 3.259629e-09
A189: BOLD | B189: 0 | C189: 0 | D189: 0 | E189: 0 | F189: 0 | G189: 0 | H189: 0 | I189: 0 | J189: 0 | K189: 0 | L189: 0 | M189: 0 | N189: 0 | O189: 0 | P189: 0 | Q189: 0 | R189: 0 | S189: 0 | T189: 0 | U189: 0 | V189: 0 | W189: 0 | X189: 0 | Y189: 0
A190: K1 | B190: 0 | C190: 0 | D190: 0 | E190: 0 | F190: 0 | G190: 0 | H190: 0 | I190: 0 | J190: 0 | K190: 0 | L190: 0 | M190: 0 | N190: 0 | O190: 0 | P190: 0 | Q190: 0 | R190: 0 | S190: 0 | T190: 0 | U190: 0 | V190: 0 | W190: 0 | X190: 0 | Y190: 0
A191: ANTIHUMAN | B191: 0 | C191: 0 | D191: 0 | E191: 0 | F191: 0 | G191: 0 | H191: 0 | I191: 0 | J191: 0 | K191: 0 | L191: 0 | M191: 0 | N191: 0 | O191: 0 | P191: 0 | Q191: 0 | R191: 0 | S191: 0 | T191: 0 | U191: 0 | V191: 0 | W191: 0 | X191: 0 | Y191: 0
A192: AUFBAU | B192: 0 | C192: 0 | D192: 0 | E192: 0 | F192: 0 | G192: 0 | H192: 0 | I192: 0 | J192: 0 | K192: 0 | L192: 0 | M192: 0 | N192: 0 | O192: 0 | P192: 0 | Q192: 0 | R192: 0 | S192: 0 | T192: 0 | U192: 0 | V192: 0 | W192: 0 | X192: 0 | Y192: 0
A193: BAMERS | B193: 0 | C193: 0 | D193: 0 | E193: 0 | F193: 0 | G193: 0 | H193: 0 | I193: 0 | J193: 0 | K193: 0 | L193: 0 | M193: 0 | N193: 0 | O193: 0 | P193: 0 | Q193: 0 | R193: 0 | S193: 0 | T193: 0 | U193: 0 | V193: 0 | W193: 0 | X193: 0 | Y193: 0
A194: CROCS | B194: 0 | C194: 0 | D194: 0 | E194: 0 | F194: 0 | G194: 0 | H194: 0 | I194: 0 | J194: 0 | K194: 0 | L194: 0 | M194: 0 | N194: 0 | O194: 0 | P194: 0 | Q194: 0 | R194: 0 | S194: 0 | T194: 0 | U194: 0 | V194: 0 | W194: 0 | X194: 0 | Y194: 0
A195: DROPS | B195: 0 | C195: 0 | D195: 0 | E195: 0 | F195: 0 | G195: 0 | H195: 0 | I195: 0 | J195: 0 | K195: 0 | L195: 0 | M195: 0 | N195: 0 | O195: 0 | P195: 0 | Q195: 0 | R195: 0 | S195: 0 | T195: 0 | U195: 0 | V195: 0 | W195: 0 | X195: 0 | Y195: 0
A196: HOKA | B196: 0 | C196: 0 | D196: 0 | E196: 0 | F196: 0 | G196: 0 | H196: 0 | I196: 0 | J196: 0 | K196: 0 | L196: 0 | M196: 0 | N196: 0 | O196: 0 | P196: 0 | Q196: 0 | R196: 0 | S196: 0 | T196: 0 | U196: 0 | V196: 0 | W196: 0 | X196: 0 | Y196: 0
A197: LOCKER | B197: 0 | C197: 0 | D197: 0 | E197: 0 | F197: 0 | G197: 0 | H197: 0 | I197: 0 | J197: 0 | K197: 0 | L197: 0 | M197: 0 | N197: 0 | O197: 0 | P197: 0 | Q197: 0 | R197: 0 | S197: 0 | T197: 0 | U197: 0 | V197: 0 | W197: 0 | X197: 0 | Y197: 0
A198: OAKLEY | B198: 0 | C198: 0 | D198: 0 | E198: -1.8189894e-11 | F198: 2.1827873e-11 | G198: 0 | H198: 0 | I198: 0 | J198: 0 | K198: 3.6379788e-11 | L198: 0 | M198: 0 | N198: 0 | O198: 0 | P198: 0 | Q198: 0 | R198: 0 | S198: 0 | T198: 0 | U198: 0 | V198: 0 | W198: 0 | X198: 0 | Y198: 0
A199: OUTLET/BELSPORT
A200: QSRX | B200: 0 | C200: 0 | D200: 0 | E200: 0 | F200: 0 | G200: 0 | H200: 0 | I200: 0 | J200: 0 | K200: 0 | L200: 0 | M200: 0 | N200: 0 | O200: 0 | P200: 0 | Q200: 0 | R200: 0 | S200: 0 | T200: 0 | U200: 0 | V200: 0 | W200: 0 | X200: 0 | Y200: 0
A201: THE LAB | N201: 0 | O201: 0 | P201: 0 | Q201: 0 | R201: 0 | S201: 0 | T201: 0 | U201: 0 | V201: 0 | W201: 0 | X201: 0 | Y201: 0
B202: -19.734464 | C202: -49.336159 | D202: -49.336159 | E202: -19.734464 | F202: -59.203391 | G202: -78.937854 | H202: -59.203391 | I202: -59.203391 | J202: -39.468927 | K202: -59.203391 | L202: -39.468927 | M202: -2.8521754e-09 | N202: -2.0372681e-10 | O202: -3.4924597e-10 | P202: 2.6484486e-09 | Q202: 0 | R202: 5.5297278e-10 | S202: -1.0186341e-09 | T202: 3.7107384e-10 | U202: -2.4738256e-10 | V202: 5.6752469e-10 | W202: -6.5483619e-10 | X202: 6.8394002e-10 | Y202: 3.259629e-09

Sheet Costo Real
A1: Sucursal | B1: 45658 | C1: 45689 | D1: 45717 | E1: 45748 | F1: 45778 | G1: 45809 | H1: 45839 | I1: 45870 | J1: 45901 | K1: 45931 | L1: 45962 | M1: 45992 | N1: 46023 | O1: 46054 | P1: 46082 | Q1: 46113 | R1: 46143 | S1: 46174 | T1: 46204 | U1: 46235 | V1: 46266 | W1: 46296 | X1: 46327 | Y1: 46357 | AA1: Banner
A2: 1000-Belsport Ahumada | B2: -55539.458 | C2: -77752.712 | D2: -78516.162 | E2: -53575.755 | F2: -64959.003 | G2: -50827.055 | H2: -72516.217 | I2: -61306.189 | J2: -82723.285 | K2: 0 | Z2: 1000 | AA2: Belsport | AB2: 1000 | AC2: 1001 | AD2: 1002 | AE2: 1003 | AF2: 1004 | AG2: 1005 | AH2: 1006 | AI2: 1007 | AJ2: 1008 | AK2: 1009 | AL2: 1010 | AM2: 1011 | AN2: 1012 | AO2: 1013 | AP2: 1014 | AQ2: 1015
A3: 1001-Belsport Puente | B3: -29188.55 | C3: -43276.157 | D3: -48072.582 | E3: -33558.043 | F3: -40608.755 | G3: -31081.797 | H3: -38823.793 | I3: -36457.16 | J3: -46870.262 | K3: 0 | Z3: 1001 | AA3: Belsport | AB3: 1001
A4: 1003-Belsport Maipu | B4: -45591.901 | C4: -81688.851 | D4: -83066.824 | E4: -56659.386 | F4: -59200.183 | G4: -47779.275 | H4: -54944.232 | I4: -66400.604 | J4: -77924.288 | K4: 0 | Z4: 1003 | AA4: Belsport | AB4: 1003
A5: 1004-Belsport Rosas | B5: -58963.601 | C5: -85642.179 | D5: -86376.613 | E5: -67088.893 | F5: -76896.145 | G5: -51498.504 | H5: -69127.708 | I5: -71491.503 | J5: -86105.057 | K5: 0 | Z5: 1004 | AA5: Belsport | AB5: 1004
A6: 1005-Belsport San Bernardo | B6: -40122.219 | C6: -73291.228 | D6: -77449.682 | E6: -52391.4 | F6: -62287.312 | G6: -50585.892 | H6: -58714.809 | I6: -64066.454 | J6: -88146.49 | K6: 0 | Z6: 1005 | AA6: Belsport | AB6: 1005
A7: 1006-Belsport Vespucio I | B7: -45782.716 | C7: -81834.558 | D7: -77688.84 | E7: -50493.723 | F7: -64934.486 | G7: -50082.902 | H7: -57636.923 | I7: -65951.37 | J7: -96423.326 | K7: 0 | Z7: 1006 | AA7: Belsport | AB7: 1006
A8: 1007-Belsport Rancagua | B8: -44079.73 | C8: -77229.364 | D8: -62080.875 | E8: -39735.37 | F8: -45054.571 | G8: -31455.505 | H8: -44577.706 | I8: -50022.235 | J8: -70540.772 | K8: 0 | Z8: 1007 | AA8: Belsport | AB8: 1007
A9: 1008-Belsport Marina | B9: -88179.778 | C9: -86887.436 | D9: -74869.181 | E9: -53186.072 | F9: -50611.451 | G9: -35879.19 | H9: -41320.59 | I9: -46283.217 | J9: -61062.844 | K9: 0 | Z9: 1008 | AA9: Belsport | AB9: 1008
A10: 1009-Belsport Calama | B10: -46048.007 | C10: -62640.295 | D10: -68285.758 | E10: -52131.708 | F10: -57745.519 | G10: -46062.965 | H10: -51216.164 | I10: -53759.111 | J10: -52851.282 | K10: 0 | Z10: 1009 | AA10: Belsport | AB10: 1009
A11: 1010-Belsport Concepcion I | B11: -69473.739 | C11: -101769.51 | D11: -82749.339 | E11: -57794.656 | F11: -65103.121 | G11: -46199.386 | H11: -56613.026 | I11: -63024.138 | J11: -86393.908 | K11: 0 | Z11: 1010 | AA11: Belsport | AB11: 1010
A12: 1012-Belsport Plaza Oeste II | B12: -30971.873 | C12: -56181.136 | D12: -55217.062 | E12: -37253.094 | F12: -43381.715 | G12: -29548.131 | H12: -36290.393 | I12: -42790.935 | J12: -54820.805 | K12: 0 | Z12: 1012 | AA12: Belsport | AB12: 1012
A13: 1013-Belsport Los Angeles | B13: -47508.624 | C13: -79658.425 | D13: -70140.723 | E13: -46463.514 | F13: -50094.52 | G13: -32219.05 | H13: -48396.069 | I13: -52409.132 | J13: -70089.396 | K13: 0 | Z13: 1013 | AA13: Belsport | AB13: 1013
A14: 1014-Belsport Florida Center | B14: -29354.528 | C14: -49175.635 | D14: -44928.532 | E14: -28706.722 | F14: -38417.263 | G14: -31614.829 | H14: -38931.096 | I14: -38822.023 | J14: -49316.746 | K14: 0 | Z14: 1014 | AA14: Belsport | AB14: 1014
... A122: 8028-Aufbau Punta Arenas | B122: -125143.71 | C122: -101371.49 | D122: -108961.68 | E122: -87339.143 | F122: -95035.966 | G122: -67033 | H122: -85925.079 | I122: -73279.481 | J122: -111296.03 | K122: 0 | Z122: 8028 | AA122: Aufbau | AB122: 8028
A123: B002-Bamers Apumanque | B123: -4524.627 | C123: -2492.3415 | D123: -2118.3985 | E123: -2358.9798 | F123: -4309.3743 | G123: -2435.3483 | H123: -3417.6574 | I123: -3017.365 | J123: -2680.4187 | K123: 0 | Z123: B002 | AA123: Bamers | AB123: B002
A124: B003-Bamers Open Plaza Rancagu | B124: -6206.98 | C124: -4111.572 | D124: -3586.495 | E124: -4391.547 | F124: -7028.9357 | G124: -3519.2824 | H124: -2957.8988 | I124: -4180.7761 | J124: -3269.6104 | K124: 0 | Z124: B003 | AA124: Bamers | AB124: B003
A125: B004-Bamers Plaza Antofagasta | B125: -7636.397 | C125: -4154.345 | D125: -3596.1875 | E125: -3748.287 | F125: -6457.6307 | G125: -3391.5453 | H125: -4700.3969 | I125: -5049.5285 | J125: -4286.587 | K125: 0 | Z125: B004 | AA125: Bamers | AB125: B004
A126: B007-Bamers Marina Arauco | B126: -14567.878 | C126: -9180.525 | D126: -7311.967 | E126: -6306.629 | F126: -12829.426 | G126: -6533.7239 | H126: -7729.7928 | I126: -7796.2099 | J126: -5492.799 | K126: 0 | Z126: B007 | AA126: Bamers | AB126: B007
A127: B008-Bamers Arauco Maipu | B127: -10317.453 | C127: -7110.3 | D127: -5992.237 | E127: -5053.2041 | F127: -10977.749 | G127: -5420.3564 | H127: -6248.8309 | I127: -6527.4706 | J127: -3925.7971 | K127: 0 | Z127: B008 | AA127: Bamers | AB127: B008
A128: B010-Bamers Portal Osorno | B128: -7184.6653 | C128: -4313.555 | D128: -3638.7687 | E128: -3103.5277 | F128: -5347.9613 | G128: -3856.4845 | H128: -4362.063 | I128: -3823.096 | J128: -4113.326 | K128: 0 | Z128: B010 | AA128: Bamers | AB128: B010
A129: B011-Bamers Plaza Tobalaba | B129: -8090.0677 | C129: -5140.219 | D129: -4597.155 | E129: -4158.848 | F129: -9392.9426 | G129: -5656.25 | H129: -5966.2233 | I129: -8685.807 | J129: -3804.732 | K129: 0 | Z129: B011 | AA129: Bamers | AB129: B011
A130: B012-Bamers Mall Center Concep | B130: -6352.483 | C130: -3013.821 | D130: -2665.003 | E130: -3519.182 | F130: -6280.9209 | G130: -2231.1195 | H130: -3736.486 | I130: -3033.7334 | J130: -2422.392 | K130: 0 | Z130: B012 | AA130: Bamers | AB130: B012
A131: B016-Bamers Alto Las Condes | B131: -15774.249 | C131: -7750.896 | D131: -6948.591 | E131: -8515.98 | F131: -14843.65 | G131: -8352.1999 | H131: -420.103 | I131: 0 | J131: 0 | K131: 0 | Z131: B016 | AA131: Bamers | AB131: B016
A132: B019-Bamers Portal La Reina | B132: -8747.1775 | C132: -5080.669 | D132: -4857.37 | E132: -4490.7635 | F132: -7857.4544 | G132: -4811.1071 | H132: -6490.0889 | I132: -6313.1655 | J132: -4385.5622 | K132: 0 | Z132: B019 | AA132: Bamers | AB132: B019
A133: B022-Bamers Plaza Egaña | B133: -7221.4558 | C133: -5159.344 | D133: -3932.642 | E133: -3908.4569 | F133: -8057.9441 | G133: -4484.744 | H133: -4872.394 | I133: -5078.9225 | J133: -3946.5867 | K133: 0 | Z133: B022 | AA133: Bamers | AB133: B022
A134: B024-Bamers Plaza Oeste | B134: -8578.2725 | C134: -4798.509 | D134: -3882.8902 | E134: -5342.3608 | F134: -12381.323 | G134: -5705.0603 | H134: -6431.0351 | I134: -4882.4724 | J134: -3220.52 | K134: 0 | Z134: B024 | AA134: Bamers | AB134: B024
... A159: B023-Bamers Florida Center | B159: 0 | C159: 0 | D159: 0 | E159: 0 | F159: 0 | G159: 0 | H159: 0 | I159: 0 | J159: 0 | K159: 0 | Z159: B006 | AA159: Bamers | AB159: B006
A160: 2001-Bold Plaza Vespucio | B160: -65313.06 | C160: -92244.814 | D160: -83607.543 | E160: -62289.63 | F160: -75849.052 | G160: -54866.999 | H160: -57710.515 | I160: -39553.719 | J160: 0 | K160: 0 | Z160: 2001 | AA160: Bold | AB160: 2001
A161: 1011-Belsport Puerto Montt | B161: -72186.49 | C161: -97568.879 | D161: -71893.188 | E161: -52064.332 | F161: -52175.594 | G161: -38725.469 | H161: -40496.76 | I161: -44908.77 | J161: -47836.379 | K161: 0 | Z161: 1011 | AA161: Belsport | AB161: 1011
A162: 5002-Drops MUT | B162: 0 | C162: 0 | D162: 0 | E162: 0 | F162: 0 | G162: 0 | H162: 0 | I162: 0 | J162: 0 | K162: 0 | AA162: Drops
A163: 2037-Bold Vespucio III | B163: 0 | C163: 0 | D163: 0 | E163: 0 | F163: 0 | G163: 0 | H163: 0 | I163: -121907.19 | J163: -298131.83 | K163: 0 | Z163: 2037 | AA163: Bold | AB163: 2037
A164: 7502-Hoka Marina | B164: 0 | C164: 0 | D164: 0 | E164: 0 | F164: 0 | G164: 0 | H164: 0 | I164: 0 | J164: 0 | K164: 0 | Z164: 7502 | AA164: Hoka | AB164: #N/A
A165: Bamers X | B165: 0 | C165: 0 | D165: 0 | E165: 0 | F165: 0 | G165: 0 | H165: 0 | I165: 0 | J165: 0 | K165: 0 | AA165: Bamers
A166: Bamers Y | B166: 0 | C166: 0 | D166: 0 | E166: 0 | F166: 0 | G166: 0 | H166: 0 | I166: 0 | J166: 0 | K166: 0 | AA166: Bamers
A167: Apple Puerto Varas | B167: 0 | C167: 0 | D167: 0 | E167: 0 | F167: 0 | G167: 0 | H167: 0 | I167: 0 | J167: 0 | K167: 0 | AA167: Aufbau
A168: Hoka Parque Arauco | B168: 0 | C168: 0 | D168: 0 | E168: 0 | F168: 0 | G168: 0 | H168: 0 | I168: 0 | J168: 0 | K168: 0 | Z168: 7503 | AA168: Hoka | AB168: #N/A
A169: Drops Parque Arauco | B169: 0 | C169: 0 | D169: 0 | E169: 0 | F169: 0 | G169: 0 | H169: 0 | I169: 0 | J169: 0 | K169: 0 | Z169: 5003 | AA169: Drops | AB169: #N/A
B170: 0 | C170: 0 | D170: 0 | E170: 0 | F170: 0 | G170: 0 | H170: 0 | I170: 0 | J170: 0 | K170: 0
B171: 0 | C171: 0 | D171: 0 | E171: 0 | F171: 0 | G171: 0 | H171: 0 | I171: 0 | J171: 0 | K171: 0
A172: BELSPORT | B172: -2951289.8 | C172: -4323556.6 | D172: -3951355 | E172: -2630802.4 | F172: -2856254.1 | G172: -2255814.7 | H172: -2742788.6 | I172: -2897701.3 | J172: -3647331.3 | K172: 0
A173: BOLD | B173: -2098979.1 | C173: -2528287.4 | D173: -2233133.9 | E173: -1613795.8 | F173: -1693078.8 | G173: -1416480.5 | H173: -1512681.6 | I173: -1753963.7 | J173: -2295742.8 | K173: 0
A174: K1 | B174: 0 | C174: 0 | D174: 0 | E174: 0 | F174: 0 | G174: 0 | H174: 0 | I174: 0 | J174: 0 | K174: 0
A175: ANTIHUMAN | B175: -36844.087 | C175: -40364.245 | D175: -44369.847 | E175: -39119.703 | F175: -33558.569 | G175: -30270.905 | H175: -33503.267 | I175: -35136.807 | J175: -31124.46 | K175: 0
A176: AUFBAU | B176: -2870129.2 | C176: -2824821.7 | D176: -3212898.5 | E176: -2610557.1 | F176: -2625919.1 | G176: -2220770.1 | H176: -2393346 | I176: -2391726 | J176: -3109705.1 | K176: 0
A177: BAMERS | B177: -284251.88 | C177: -193860.8 | D177: -158107.61 | E177: -158377.95 | F177: -280390.19 | G177: -173327.67 | H177: -182700.72 | I177: -174651.09 | J177: -121958.92 | K177: 0
A178: CROCS | B178: 0 | C178: 0 | D178: 0 | E178: 0 | F178: 0 | G178: 0 | H178: 0 | I178: 0 | J178: 0 | K178: 0
A179: DROPS | B179: -7947.736 | C179: -20879.063 | D179: -25596.919 | E179: -19083.995 | F179: -12453.498 | G179: -9594.005 | H179: -14773.705 | I179: -7578.141 | J179: -6780.231 | K179: 0
A180: HOKA | B180: -29130.944 | C180: -22024.784 | D180: -26046.179 | E180: -25371.931 | F180: -24955.663 | G180: -21654.294 | H180: -23515.577 | I180: -26494.103 | J180: -28857.725 | K180: 0
A181: LOCKER | B181: -124704.56 | C181: -168372.27 | D181: -176091.43 | E181: -98481.88 | F181: -87813.814 | G181: -96649.341 | H181: -103709.71 | I181: -117851.43 | J181: -131707.41 | K181: 0
A182: OAKLEY | B182: -162804.96 | C182: -141487.07 | D182: -170066.25 | E182: -114658.62 | F182: -112382.39 | G182: -102799.97 | H182: -126448.63 | I182: -153267.72 | J182: -117163.69 | K182: 0
A183: OUTLET/BELSPORT | B183: 0 | C183: 0 | D183: 0 | E183: 0 | F183: 0 | G183: 0 | H183: 0 | I183: 0 | J183: 0 | K183: 0
... A185: THE LAB | B185: 0 | C185: 0 | D185: 0 | E185: 0 | F185: 0 | G185: 0 | H185: 0 | I185: 0 | J185: 0 | K185: 0
B186: -8566082.3 | C186: -10263654 | D186: -9997665.7 | E186: -7310249.4 | F186: -7726806.1 | G186: -6327361.5 | H186: -7133467.8 | I186: -7558370.2 | J186: -9490371.6 | K186: 0
B187: 0 | C187: 0 | D187: 0 | E187: 0 | F187: 0 | G187: 0 | H187: 0 | I187: 0 | J187: 0 | K187: 0
A188: BELSPORT | B188: -1181482.4 | C188: -972350.43 | D188: -1019039.5 | E188: -569905.37 | F188: -887115.41 | G188: -241555.63 | H188: -826880.83 | I188: -310370.97 | J188: -664549.55 | K188: 0
A189: BOLD | B189: -715617.6 | C189: -728825.57 | D189: -690748.03 | E189: -258375.9 | F189: -351016.09 | G189: -206766.22 | H189: -301010.43 | I189: -134641.23 | J189: -514858.18 | K189: 0
A190: K1 | B190: 0 | C190: 0 | D190: 0 | E190: 0 | F190: 0 | G190: 0 | H190: 0 | I190: 0 | J190: 0 | K190: 0
A191: ANTIHUMAN | B191: -11380.664 | C191: -5836.6049 | D191: -10106.93 | E191: -8650.429 | F191: -3108.511 | G191: -457.58231 | H191: -2763.7551 | I191: -2912.1744 | J191: 3920.4207 | K191: 0
A192: AUFBAU | B192: -2430781.1 | C192: -2358862.1 | D192: -2695827.3 | E192: -2124918.9 | F192: -2202461 | G192: -1781314.8 | H192: -1939658.6 | I192: -1918609.7 | J192: -2655689 | K192: 0
A193: BAMERS | B193: 278827.04 | C193: 261026.76 | D193: 111293.68 | E193: 141114.08 | F193: 365191.04 | G193: 254995.82 | H193: 214773.94 | I193: 28520.483 | J193: 97877.161 | K193: 0
A194: CROCS | B194: 0 | C194: 0 | D194: 0 | E194: 0 | F194: 0 | G194: 0 | H194: 0 | I194: 0 | J194: 0 | K194: 0
A195: DROPS | B195: 59.590526 | C195: -7688.609 | D195: -9546.756 | E195: -2675.0852 | F195: 14356.638 | G195: 33875.127 | H195: 34977.315 | I195: 51583.778 | J195: 54598.492 | K195: 0
A196: HOKA | B196: 13580.608 | C196: 20706.976 | D196: 19614.418 | E196: 25409.763 | F196: 21309.281 | G196: 20716.883 | H196: 12796.379 | I196: 19045.289 | J196: 17640.754 | K196: 0
A197: LOCKER | B197: -92514.802 | C197: -116070.58 | D197: -127596.58 | E197: -63612.442 | F197: -53279.299 | G197: -69720.634 | H197: -76482.193 | I197: -84724.98 | J197: -88753.76 | K197: 0
A198: OAKLEY | B198: -25044.002 | C198: 3992.9988 | D198: -66068.298 | E198: -30762.741 | F198: -18054.49 | G198: 33812.803 | H198: 12469.802 | I198: -51794.175 | J198: -5379.1791 | K198: 0
A199: OUTLET/BELSPORT | B199: 0 | C199: 0 | D199: 0 | E199: 0 | F199: 0 | G199: 0 | H199: 0 | I199: 0 | J199: 0 | K199: 0
... A201: THE LAB | B201: 0 | C201: 0 | D201: 0 | E201: 0 | F201: 0 | G201: 0 | H201: 0 | I201: 0 | J201: 0 | K201: 0
B202: -4164353.3 | C202: -3903907.2 | D202: -4488025.3 | E202: -2892377 | F202: -3114177.9 | G202: -1956414.2 | H202: -2871778.4 | I202: -2403903.7 | J202: -3755192.8 | K202: 0

Sheet Contri Real
A1: Sucursal | B1: 45658 | C1: 45689 | D1: 45717 | E1: 45748 | F1: 45778 | G1: 45809 | H1: 45839 | I1: 45870 | J1: 45901 | K1: 45931 | L1: 45962 | M1: 45992 | N1: 46023 | O1: 46054 | P1: 46082 | Q1: 46113 | R1: 46143 | S1: 46174 | T1: 46204 | U1: 46235 | V1: 46266 | W1: 46296 | X1: 46327 | Y1: 46357 | AA1: Banner
A2: 1000-Belsport Ahumada | B2: =+REAL_Venta!B2+'Costo Real'!B2 -> 38902.612 | C2: =+REAL_Venta!C2+'Costo Real'!C2 -> 58609.975 | D2: =+REAL_Venta!D2+'Costo Real'!D2 -> 61252.582 | E2: =+REAL_Venta!E2+'Costo Real'!E2 -> 41910.767 | F2: =+REAL_Venta!F2+'Costo Real'!F2 -> 40312.442 | G2: =+REAL_Venta!G2+'Costo Real'!G2 -> 27274.817 | H2: =+REAL_Venta!H2+'Costo Real'!H2 -> 36148.39 | I2: =+REAL_Venta!I2+'Costo Real'!I2 -> 41343.9 | J2: =+REAL_Venta!J2+'Costo Real'!J2 -> 39388.491 | Z2: 1000 | AA2: Belsport | AB2: 1000 | AC2: 1001 | AD2: 1002 | AE2: 1003 | AF2: 1004 | AG2: 1005 | AH2: 1006 | AI2: 1007 | AJ2: 1008 | AK2: 1009 | AL2: 1010 | AM2: 1011 | AN2: 1012 | AO2: 1013 | AP2: 1014 | AQ2: 1015
A3: 1001-Belsport Puente | B3: =+REAL_Venta!B3+'Costo Real'!B3 -> 19492.189 | C3: =+REAL_Venta!C3+'Costo Real'!C3 -> 32890.946 | D3: =+REAL_Venta!D3+'Costo Real'!D3 -> 36996.967 | E3: =+REAL_Venta!E3+'Costo Real'!E3 -> 24705.856 | F3: =+REAL_Venta!F3+'Costo Real'!F3 -> 25653.144 | G3: =+REAL_Venta!G3+'Costo Real'!G3 -> 16982.025 | H3: =+REAL_Venta!H3+'Costo Real'!H3 -> 17711.557 | I3: =+REAL_Venta!I3+'Costo Real'!I3 -> 20292.522 | J3: =+REAL_Venta!J3+'Costo Real'!J3 -> 24066.033 | Z3: 1001 | AA3: Belsport | AB3: 1001
A4: 1003-Belsport Maipu | B4: =+REAL_Venta!B4+'Costo Real'!B4 -> 34277.242 | C4: =+REAL_Venta!C4+'Costo Real'!C4 -> 65504.381 | D4: =+REAL_Venta!D4+'Costo Real'!D4 -> 65572.677 | E4: =+REAL_Venta!E4+'Costo Real'!E4 -> 43692.741 | F4: =+REAL_Venta!F4+'Costo Real'!F4 -> 43086.774 | G4: =+REAL_Venta!G4+'Costo Real'!G4 -> 29435.954 | H4: =+REAL_Venta!H4+'Costo Real'!H4 -> 33469.666 | I4: =+REAL_Venta!I4+'Costo Real'!I4 -> 47955.505 | J4: =+REAL_Venta!J4+'Costo Real'!J4 -> 47897.775 | Z4: 1003 | AA4: Belsport | AB4: 1003
A5: 1004-Belsport Rosas | B5: =+REAL_Venta!B5+'Costo Real'!B5 -> 41274.174 | C5: =+REAL_Venta!C5+'Costo Real'!C5 -> 66320.247 | D5: =+REAL_Venta!D5+'Costo Real'!D5 -> 67778.338 | E5: =+REAL_Venta!E5+'Costo Real'!E5 -> 50789.879 | F5: =+REAL_Venta!F5+'Costo Real'!F5 -> 48614.951 | G5: =+REAL_Venta!G5+'Costo Real'!G5 -> 33009.973 | H5: =+REAL_Venta!H5+'Costo Real'!H5 -> 38989.876 | I5: =+REAL_Venta!I5+'Costo Real'!I5 -> 51513.516 | J5: =+REAL_Venta!J5+'Costo Real'!J5 -> 53043.227 | Z5: 1004 | AA5: Belsport | AB5: 1004
A6: 1005-Belsport San Bernardo | B6: =+REAL_Venta!B6+'Costo Real'!B6 -> 25183.596 | C6: =+REAL_Venta!C6+'Costo Real'!C6 -> 52428.8 | D6: =+REAL_Venta!D6+'Costo Real'!D6 -> 58260.1 | E6: =+REAL_Venta!E6+'Costo Real'!E6 -> 37890.56 | F6: =+REAL_Venta!F6+'Costo Real'!F6 -> 40415.542 | G6: =+REAL_Venta!G6+'Costo Real'!G6 -> 30412.361 | H6: =+REAL_Venta!H6+'Costo Real'!H6 -> 32913.883 | I6: =+REAL_Venta!I6+'Costo Real'!I6 -> 44007.003 | J6: =+REAL_Venta!J6+'Costo Real'!J6 -> 51769.76 | Z6: 1005 | AA6: Belsport | AB6: 1005
A7: 1006-Belsport Vespucio I | B7: =+REAL_Venta!B7+'Costo Real'!B7 -> 33403.258 | C7: =+REAL_Venta!C7+'Costo Real'!C7 -> 64391.467 | D7: =+REAL_Venta!D7+'Costo Real'!D7 -> 62816.202 | E7: =+REAL_Venta!E7+'Costo Real'!E7 -> 40677.938 | F7: =+REAL_Venta!F7+'Costo Real'!F7 -> 46737.231 | G7: =+REAL_Venta!G7+'Costo Real'!G7 -> 34294.359 | H7: =+REAL_Venta!H7+'Costo Real'!H7 -> 36762.666 | I7: =+REAL_Venta!I7+'Costo Real'!I7 -> 49175.941 | J7: =+REAL_Venta!J7+'Costo Real'!J7 -> 58701.084 | Z7: 1006 | AA7: Belsport | AB7: 1006
A8: 1007-Belsport Rancagua | B8: =+REAL_Venta!B8+'Costo Real'!B8 -> 31432.132 | C8: =+REAL_Venta!C8+'Costo Real'!C8 -> 57518.418 | D8: =+REAL_Venta!D8+'Costo Real'!D8 -> 48419.432 | E8: =+REAL_Venta!E8+'Costo Real'!E8 -> 31380.062 | F8: =+REAL_Venta!F8+'Costo Real'!F8 -> 33609.967 | G8: =+REAL_Venta!G8+'Costo Real'!G8 -> 23116.449 | H8: =+REAL_Venta!H8+'Costo Real'!H8 -> 25870.592 | I8: =+REAL_Venta!I8+'Costo Real'!I8 -> 36736.393 | J8: =+REAL_Venta!J8+'Costo Real'!J8 -> 40411.422 | Z8: 1007 | AA8: Belsport | AB8: 1007
A9: 1008-Belsport Marina | B9: =+REAL_Venta!B9+'Costo Real'!B9 -> 62138.464 | C9: =+REAL_Venta!C9+'Costo Real'!C9 -> 68435.119 | D9: =+REAL_Venta!D9+'Costo Real'!D9 -> 59652.716 | E9: =+REAL_Venta!E9+'Costo Real'!E9 -> 39727.579 | F9: =+REAL_Venta!F9+'Costo Real'!F9 -> 32462.83 | G9: =+REAL_Venta!G9+'Costo Real'!G9 -> 20054.437 | H9: =+REAL_Venta!H9+'Costo Real'!H9 -> 26986.829 | I9: =+REAL_Venta!I9+'Costo Real'!I9 -> 34048.462 | J9: =+REAL_Venta!J9+'Costo Real'!J9 -> 33119.464 | Z9: 1008 | AA9: Belsport | AB9: 1008
A10: 1009-Belsport Calama | B10: =+REAL_Venta!B10+'Costo Real'!B10 -> 33220.402 | C10: =+REAL_Venta!C10+'Costo Real'!C10 -> 47419.339 | D10: =+REAL_Venta!D10+'Costo Real'!D10 -> 51327.975 | E10: =+REAL_Venta!E10+'Costo Real'!E10 -> 39031.765 | F10: =+REAL_Venta!F10+'Costo Real'!F10 -> 40949.363 | G10: =+REAL_Venta!G10+'Costo Real'!G10 -> 27792.552 | H10: =+REAL_Venta!H10+'Costo Real'!H10 -> 31413.652 | I10: =+REAL_Venta!I10+'Costo Real'!I10 -> 37132.306 | J10: =+REAL_Venta!J10+'Costo Real'!J10 -> 32153.815 | Z10: 1009 | AA10: Belsport | AB10: 1009
A11: 1010-Belsport Concepcion I | B11: =+REAL_Venta!B11+'Costo Real'!B11 -> 50901.951 | C11: =+REAL_Venta!C11+'Costo Real'!C11 -> 79327.59 | D11: =+REAL_Venta!D11+'Costo Real'!D11 -> 65863.629 | E11: =+REAL_Venta!E11+'Costo Real'!E11 -> 45104.361 | F11: =+REAL_Venta!F11+'Costo Real'!F11 -> 46068.228 | G11: =+REAL_Venta!G11+'Costo Real'!G11 -> 30797.76 | H11: =+REAL_Venta!H11+'Costo Real'!H11 -> 31341.03 | I11: =+REAL_Venta!I11+'Costo Real'!I11 -> 44056.485 | J11: =+REAL_Venta!J11+'Costo Real'!J11 -> 43878.451 | Z11: 1010 | AA11: Belsport | AB11: 1010
A12: 1012-Belsport Plaza Oeste II | B12: =+REAL_Venta!B12+'Costo Real'!B12 -> 22092.311 | C12: =+REAL_Venta!C12+'Costo Real'!C12 -> 44001.737 | D12: =+REAL_Venta!D12+'Costo Real'!D12 -> 41655.271 | E12: =+REAL_Venta!E12+'Costo Real'!E12 -> 29077.2 | F12: =+REAL_Venta!F12+'Costo Real'!F12 -> 30066.991 | G12: =+REAL_Venta!G12+'Costo Real'!G12 -> 16691.32 | H12: =+REAL_Venta!H12+'Costo Real'!H12 -> 20852.953 | I12: =+REAL_Venta!I12+'Costo Real'!I12 -> 28163.88 | J12: =+REAL_Venta!J12+'Costo Real'!J12 -> 32042.624 | Z12: 1012 | AA12: Belsport | AB12: 1012
A13: 1013-Belsport Los Angeles | B13: =+REAL_Venta!B13+'Costo Real'!B13 -> 33716.213 | C13: =+REAL_Venta!C13+'Costo Real'!C13 -> 60343.09 | D13: =+REAL_Venta!D13+'Costo Real'!D13 -> 54117.454 | E13: =+REAL_Venta!E13+'Costo Real'!E13 -> 36474.986 | F13: =+REAL_Venta!F13+'Costo Real'!F13 -> 34005.345 | G13: =+REAL_Venta!G13+'Costo Real'!G13 -> 21760.077 | H13: =+REAL_Venta!H13+'Costo Real'!H13 -> 27041.529 | I13: =+REAL_Venta!I13+'Costo Real'!I13 -> 36683.261 | J13: =+REAL_Venta!J13+'Costo Real'!J13 -> 37209.376 | Z13: 1013 | AA13: Belsport | AB13: 1013
A14: 1014-Belsport Florida Center | B14: =+REAL_Venta!B14+'Costo Real'!B14 -> 20397.286 | C14: =+REAL_Venta!C14+'Costo Real'!C14 -> 37648.532 | D14: =+REAL_Venta!D14+'Costo Real'!D14 -> 34543.624 | E14: =+REAL_Venta!E14+'Costo Real'!E14 -> 21712.843 | F14: =+REAL_Venta!F14+'Costo Real'!F14 -> 24980.566 | G14: =+REAL_Venta!G14+'Costo Real'!G14 -> 16303.963 | H14: =+REAL_Venta!H14+'Costo Real'!H14 -> 20081.615 | I14: =+REAL_Venta!I14+'Costo Real'!I14 -> 23009.643 | J14: =+REAL_Venta!J14+'Costo Real'!J14 -> 26201.562 | Z14: 1014 | AA14: Belsport | AB14: 1014
... A122: 8028-Aufbau Punta Arenas | B122: =+REAL_Venta!B122+'Costo Real'!B122 -> 21322.366 | C122: =+REAL_Venta!C122+'Costo Real'!C122 -> 18954.912 | D122: =+REAL_Venta!D122+'Costo Real'!D122 -> 18979.144 | E122: =+REAL_Venta!E122+'Costo Real'!E122 -> 16438.986 | F122: =+REAL_Venta!F122+'Costo Real'!F122 -> 16341.132 | G122: =+REAL_Venta!G122+'Costo Real'!G122 -> 11521.45 | H122: =+REAL_Venta!H122+'Costo Real'!H122 -> 14806.484 | I122: =+REAL_Venta!I122+'Costo Real'!I122 -> 13016.084 | J122: =+REAL_Venta!J122+'Costo Real'!J122 -> 15943.543 | Z122: 8028 | AA122: Aufbau | AB122: 8028
A123: B002-Bamers Apumanque | B123: =+REAL_Venta!B123+'Costo Real'!B123 -> 7171.9301 | C123: =+REAL_Venta!C123+'Costo Real'!C123 -> 3658.9047 | D123: =+REAL_Venta!D123+'Costo Real'!D123 -> 3427.2553 | E123: =+REAL_Venta!E123+'Costo Real'!E123 -> 4643.9261 | F123: =+REAL_Venta!F123+'Costo Real'!F123 -> 8025.3156 | G123: =+REAL_Venta!G123+'Costo Real'!G123 -> 4984.0013 | H123: =+REAL_Venta!H123+'Costo Real'!H123 -> 3938.2359 | I123: =+REAL_Venta!I123+'Costo Real'!I123 -> 3252.8014 | J123: =+REAL_Venta!J123+'Costo Real'!J123 -> 4136.9931 | Z123: B002 | AA123: Bamers | AB123: B002
A124: B003-Bamers Open Plaza Rancagu | B124: =+REAL_Venta!B124+'Costo Real'!B124 -> 9980.8914 | C124: =+REAL_Venta!C124+'Costo Real'!C124 -> 5973.8557 | D124: =+REAL_Venta!D124+'Costo Real'!D124 -> 4935.6546 | E124: =+REAL_Venta!E124+'Costo Real'!E124 -> 8028.6471 | F124: =+REAL_Venta!F124+'Costo Real'!F124 -> 11999.53 | G124: =+REAL_Venta!G124+'Costo Real'!G124 -> 6546.8613 | H124: =+REAL_Venta!H124+'Costo Real'!H124 -> 3185.813 | I124: =+REAL_Venta!I124+'Costo Real'!I124 -> 3252.7777 | J124: =+REAL_Venta!J124+'Costo Real'!J124 -> 3889.7871 | Z124: B003 | AA124: Bamers | AB124: B003
A125: B004-Bamers Plaza Antofagasta | B125: =+REAL_Venta!B125+'Costo Real'!B125 -> 12044.428 | C125: =+REAL_Venta!C125+'Costo Real'!C125 -> 6989.8021 | D125: =+REAL_Venta!D125+'Costo Real'!D125 -> 6273.568 | E125: =+REAL_Venta!E125+'Costo Real'!E125 -> 6210.7811 | F125: =+REAL_Venta!F125+'Costo Real'!F125 -> 12684.805 | G125: =+REAL_Venta!G125+'Costo Real'!G125 -> 6812.8143 | H125: =+REAL_Venta!H125+'Costo Real'!H125 -> 6114.8224 | I125: =+REAL_Venta!I125+'Costo Real'!I125 -> 7407.2236 | J125: =+REAL_Venta!J125+'Costo Real'!J125 -> 8195.8752 | Z125: B004 | AA125: Bamers | AB125: B004
A126: B007-Bamers Marina Arauco | B126: =+REAL_Venta!B126+'Costo Real'!B126 -> 23974.511 | C126: =+REAL_Venta!C126+'Costo Real'!C126 -> 13937.145 | D126: =+REAL_Venta!D126+'Costo Real'!D126 -> 11640.101 | E126: =+REAL_Venta!E126+'Costo Real'!E126 -> 11823.247 | F126: =+REAL_Venta!F126+'Costo Real'!F126 -> 23739.81 | G126: =+REAL_Venta!G126+'Costo Real'!G126 -> 13493.416 | H126: =+REAL_Venta!H126+'Costo Real'!H126 -> 8293.4047 | I126: =+REAL_Venta!I126+'Costo Real'!I126 -> 6259.6305 | J126: =+REAL_Venta!J126+'Costo Real'!J126 -> 8039.5817 | Z126: B007 | AA126: Bamers | AB126: B007
A127: B008-Bamers Arauco Maipu | B127: =+REAL_Venta!B127+'Costo Real'!B127 -> 13458.209 | C127: =+REAL_Venta!C127+'Costo Real'!C127 -> 9029.8496 | D127: =+REAL_Venta!D127+'Costo Real'!D127 -> 8065.3117 | E127: =+REAL_Venta!E127+'Costo Real'!E127 -> 9321.7253 | F127: =+REAL_Venta!F127+'Costo Real'!F127 -> 19462.288 | G127: =+REAL_Venta!G127+'Costo Real'!G127 -> 10001.374 | H127: =+REAL_Venta!H127+'Costo Real'!H127 -> 7063.5203 | I127: =+REAL_Venta!I127+'Costo Real'!I127 -> 5256.1916 | J127: =+REAL_Venta!J127+'Costo Real'!J127 -> 6410.0911 | Z127: B008 | AA127: Bamers | AB127: B008
A128: B010-Bamers Portal Osorno | B128: =+REAL_Venta!B128+'Costo Real'!B128 -> 10436.763 | C128: =+REAL_Venta!C128+'Costo Real'!C128 -> 6365.261 | D128: =+REAL_Venta!D128+'Costo Real'!D128 -> 5909.1154 | E128: =+REAL_Venta!E128+'Costo Real'!E128 -> 6018.8488 | F128: =+REAL_Venta!F128+'Costo Real'!F128 -> 8570.0908 | G128: =+REAL_Venta!G128+'Costo Real'!G128 -> 7262.3533 | H128: =+REAL_Venta!H128+'Costo Real'!H128 -> 5728.3639 | I128: =+REAL_Venta!I128+'Costo Real'!I128 -> 3667.2595 | J128: =+REAL_Venta!J128+'Costo Real'!J128 -> 3874.6958 | Z128: B010 | AA128: Bamers | AB128: B010
A129: B011-Bamers Plaza Tobalaba | B129: =+REAL_Venta!B129+'Costo Real'!B129 -> 11370.791 | C129: =+REAL_Venta!C129+'Costo Real'!C129 -> 6946.8524 | D129: =+REAL_Venta!D129+'Costo Real'!D129 -> 7310.6097 | E129: =+REAL_Venta!E129+'Costo Real'!E129 -> 8443.0965 | F129: =+REAL_Venta!F129+'Costo Real'!F129 -> 16665.452 | G129: =+REAL_Venta!G129+'Costo Real'!G129 -> 10000.113 | H129: =+REAL_Venta!H129+'Costo Real'!H129 -> 5539.4961 | I129: =+REAL_Venta!I129+'Costo Real'!I129 -> 4536.5048 | J129: =+REAL_Venta!J129+'Costo Real'!J129 -> 5213.4562 | Z129: B011 | AA129: Bamers | AB129: B011
A130: B012-Bamers Mall Center Concep | B130: =+REAL_Venta!B130+'Costo Real'!B130 -> 10201.162 | C130: =+REAL_Venta!C130+'Costo Real'!C130 -> 4939.4311 | D130: =+REAL_Venta!D130+'Costo Real'!D130 -> 4913.7693 | E130: =+REAL_Venta!E130+'Costo Real'!E130 -> 6688.0029 | F130: =+REAL_Venta!F130+'Costo Real'!F130 -> 12001.946 | G130: =+REAL_Venta!G130+'Costo Real'!G130 -> 4870.6544 | H130: =+REAL_Venta!H130+'Costo Real'!H130 -> 5151.0585 | I130: =+REAL_Venta!I130+'Costo Real'!I130 -> 3930.3985 | J130: =+REAL_Venta!J130+'Costo Real'!J130 -> 3561.8383 | Z130: B012 | AA130: Bamers | AB130: B012
A131: B016-Bamers Alto Las Condes | B131: =+REAL_Venta!B131+'Costo Real'!B131 -> 25787.81 | C131: =+REAL_Venta!C131+'Costo Real'!C131 -> 11816.775 | D131: =+REAL_Venta!D131+'Costo Real'!D131 -> 11895.685 | E131: =+REAL_Venta!E131+'Costo Real'!E131 -> 16577.437 | F131: =+REAL_Venta!F131+'Costo Real'!F131 -> 27396.975 | G131: =+REAL_Venta!G131+'Costo Real'!G131 -> 16896.039 | H131: =+REAL_Venta!H131+'Costo Real'!H131 -> 452.76591 | I131: =+REAL_Venta!I131+'Costo Real'!I131 -> 0 | J131: =+REAL_Venta!J131+'Costo Real'!J131 -> 0 | Z131: B016 | AA131: Bamers | AB131: B016
A132: B019-Bamers Portal La Reina | B132: =+REAL_Venta!B132+'Costo Real'!B132 -> 12993.786 | C132: =+REAL_Venta!C132+'Costo Real'!C132 -> 6972.2108 | D132: =+REAL_Venta!D132+'Costo Real'!D132 -> 7056.2972 | E132: =+REAL_Venta!E132+'Costo Real'!E132 -> 8886.4743 | F132: =+REAL_Venta!F132+'Costo Real'!F132 -> 14848.93 | G132: =+REAL_Venta!G132+'Costo Real'!G132 -> 9291.7197 | H132: =+REAL_Venta!H132+'Costo Real'!H132 -> 7074.2876 | I132: =+REAL_Venta!I132+'Costo Real'!I132 -> 5318.5832 | J132: =+REAL_Venta!J132+'Costo Real'!J132 -> 7925.3067 | Z132: B019 | AA132: Bamers | AB132: B019
A133: B022-Bamers Plaza Egaña | B133: =+REAL_Venta!B133+'Costo Real'!B133 -> 10279.569 | C133: =+REAL_Venta!C133+'Costo Real'!C133 -> 7350.7585 | D133: =+REAL_Venta!D133+'Costo Real'!D133 -> 5958.3303 | E133: =+REAL_Venta!E133+'Costo Real'!E133 -> 7871.4986 | F133: =+REAL_Venta!F133+'Costo Real'!F133 -> 15502.794 | G133: =+REAL_Venta!G133+'Costo Real'!G133 -> 8917.5585 | H133: =+REAL_Venta!H133+'Costo Real'!H133 -> 5376.3757 | I133: =+REAL_Venta!I133+'Costo Real'!I133 -> 4556.8959 | J133: =+REAL_Venta!J133+'Costo Real'!J133 -> 6672.1503 | Z133: B022 | AA133: Bamers | AB133: B022
A134: B024-Bamers Plaza Oeste | B134: =+REAL_Venta!B134+'Costo Real'!B134 -> 13113.033 | C134: =+REAL_Venta!C134+'Costo Real'!C134 -> 8124.6809 | D134: =+REAL_Venta!D134+'Costo Real'!D134 -> 7162.4778 | E134: =+REAL_Venta!E134+'Costo Real'!E134 -> 10785.159 | F134: =+REAL_Venta!F134+'Costo Real'!F134 -> 23432.896 | G134: =+REAL_Venta!G134+'Costo Real'!G134 -> 11618.172 | H134: =+REAL_Venta!H134+'Costo Real'!H134 -> 7571.2675 | I134: =+REAL_Venta!I134+'Costo Real'!I134 -> 5189.6293 | J134: =+REAL_Venta!J134+'Costo Real'!J134 -> 6744.8598 | Z134: B024 | AA134: Bamers | AB134: B024
... A158: B023-Bamers Florida Center | B158: =+REAL_Venta!B158+'Costo Real'!B158 -> 10164.617 | C158: =+REAL_Venta!C158+'Costo Real'!C158 -> 872.81189 | D158: =+REAL_Venta!D158+'Costo Real'!D158 -> 0 | E158: =+REAL_Venta!E158+'Costo Real'!E158 -> 0 | F158: =+REAL_Venta!F158+'Costo Real'!F158 -> 0 | G158: =+REAL_Venta!G158+'Costo Real'!G158 -> 0 | H158: =+REAL_Venta!H158+'Costo Real'!H158 -> 0 | I158: =+REAL_Venta!I158+'Costo Real'!I158 -> 0 | J158: =+REAL_Venta!J158+'Costo Real'!J158 -> 0 | Z158: B023 | AA158: Bamers | AB158: B023
A159: B023-Bamers Florida Center | B159: =+REAL_Venta!B159+'Costo Real'!B159 -> 0 | C159: =+REAL_Venta!C159+'Costo Real'!C159 -> 0 | D159: =+REAL_Venta!D159+'Costo Real'!D159 -> 0 | E159: =+REAL_Venta!E159+'Costo Real'!E159 -> 0 | F159: =+REAL_Venta!F159+'Costo Real'!F159 -> 0 | G159: =+REAL_Venta!G159+'Costo Real'!G159 -> 0 | H159: =+REAL_Venta!H159+'Costo Real'!H159 -> 0 | I159: =+REAL_Venta!I159+'Costo Real'!I159 -> 0 | J159: =+REAL_Venta!J159+'Costo Real'!J159 -> 0 | AA159: Bamers
A160: 2001-Bold Plaza Vespucio | B160: =+REAL_Venta!B160+'Costo Real'!B160 -> 42754.784 | C160: =+REAL_Venta!C160+'Costo Real'!C160 -> 67140.946 | D160: =+REAL_Venta!D160+'Costo Real'!D160 -> 64501.663 | E160: =+REAL_Venta!E160+'Costo Real'!E160 -> 48639.644 | F160: =+REAL_Venta!F160+'Costo Real'!F160 -> 53226.767 | G160: =+REAL_Venta!G160+'Costo Real'!G160 -> 44633.782 | H160: =+REAL_Venta!H160+'Costo Real'!H160 -> 39810.365 | I160: =+REAL_Venta!I160+'Costo Real'!I160 -> 27219.656 | J160: =+REAL_Venta!J160+'Costo Real'!J160 -> 0 | AA160: Bamers
A161: 1011-Belsport Puerto Montt | B161: =+REAL_Venta!B161+'Costo Real'!B161 -> 50875.279 | C161: =+REAL_Venta!C161+'Costo Real'!C161 -> 73963.925 | D161: =+REAL_Venta!D161+'Costo Real'!D161 -> 56686.263 | E161: =+REAL_Venta!E161+'Costo Real'!E161 -> 40472.12 | F161: =+REAL_Venta!F161+'Costo Real'!F161 -> 35615.852 | G161: =+REAL_Venta!G161+'Costo Real'!G161 -> 25955.545 | H161: =+REAL_Venta!H161+'Costo Real'!H161 -> 26843.455 | I161: =+REAL_Venta!I161+'Costo Real'!I161 -> 30292.774 | J161: =+REAL_Venta!J161+'Costo Real'!J161 -> 28568.645 | Z161: B006 | AA161: Bamers | AB161: B006
A162: 5002-Drops MUT | B162: =+REAL_Venta!B162+'Costo Real'!B162 -> 0 | C162: =+REAL_Venta!C162+'Costo Real'!C162 -> 0 | D162: =+REAL_Venta!D162+'Costo Real'!D162 -> 0 | E162: =+REAL_Venta!E162+'Costo Real'!E162 -> 0 | F162: =+REAL_Venta!F162+'Costo Real'!F162 -> 0 | G162: =+REAL_Venta!G162+'Costo Real'!G162 -> 0 | H162: =+REAL_Venta!H162+'Costo Real'!H162 -> 0 | I162: =+REAL_Venta!I162+'Costo Real'!I162 -> 0 | J162: =+REAL_Venta!J162+'Costo Real'!J162 -> 0 | Z162: 2001 | AA162: Bold | AB162: 2001
A163: 2037-Bold Vespucio III | B163: =+REAL_Venta!B163+'Costo Real'!B163 -> 0 | C163: =+REAL_Venta!C163+'Costo Real'!C163 -> 0 | D163: =+REAL_Venta!D163+'Costo Real'!D163 -> 0 | E163: =+REAL_Venta!E163+'Costo Real'!E163 -> 0 | F163: =+REAL_Venta!F163+'Costo Real'!F163 -> 0 | G163: =+REAL_Venta!G163+'Costo Real'!G163 -> 0 | H163: =+REAL_Venta!H163+'Costo Real'!H163 -> 0 | I163: =+REAL_Venta!I163+'Costo Real'!I163 -> 94294.873 | J163: =+REAL_Venta!J163+'Costo Real'!J163 -> 199426.95 | Z163: 1011 | AA163: Belsport | AB163: 1011
A164: 7502-Hoka Marina | B164: =+REAL_Venta!B164+'Costo Real'!B164 -> 0 | C164: =+REAL_Venta!C164+'Costo Real'!C164 -> 0 | D164: =+REAL_Venta!D164+'Costo Real'!D164 -> 0 | E164: =+REAL_Venta!E164+'Costo Real'!E164 -> 0 | F164: =+REAL_Venta!F164+'Costo Real'!F164 -> 0 | G164: =+REAL_Venta!G164+'Costo Real'!G164 -> 0 | H164: =+REAL_Venta!H164+'Costo Real'!H164 -> 0 | I164: =+REAL_Venta!I164+'Costo Real'!I164 -> 0 | J164: =+REAL_Venta!J164+'Costo Real'!J164 -> 0 | AA164: Drops
A165: Bamers X | B165: =+REAL_Venta!B165+'Costo Real'!B165 -> 0 | C165: =+REAL_Venta!C165+'Costo Real'!C165 -> 0 | D165: =+REAL_Venta!D165+'Costo Real'!D165 -> 0 | E165: =+REAL_Venta!E165+'Costo Real'!E165 -> 0 | F165: =+REAL_Venta!F165+'Costo Real'!F165 -> 0 | G165: =+REAL_Venta!G165+'Costo Real'!G165 -> 0 | H165: =+REAL_Venta!H165+'Costo Real'!H165 -> 0 | I165: =+REAL_Venta!I165+'Costo Real'!I165 -> 0 | J165: =+REAL_Venta!J165+'Costo Real'!J165 -> 0 | AA165: Aufbau
A166: Bamers Y | B166: =+REAL_Venta!B166+'Costo Real'!B166 -> 0 | C166: =+REAL_Venta!C166+'Costo Real'!C166 -> 0 | D166: =+REAL_Venta!D166+'Costo Real'!D166 -> 0 | E166: =+REAL_Venta!E166+'Costo Real'!E166 -> 0 | F166: =+REAL_Venta!F166+'Costo Real'!F166 -> 0 | G166: =+REAL_Venta!G166+'Costo Real'!G166 -> 0 | H166: =+REAL_Venta!H166+'Costo Real'!H166 -> 0 | I166: =+REAL_Venta!I166+'Costo Real'!I166 -> 0 | J166: =+REAL_Venta!J166+'Costo Real'!J166 -> 0 | Z166: 2037 | AA166: Bold | AB166: 2037
A167: Apple Puerto Varas | B167: =+REAL_Venta!B167+'Costo Real'!B167 -> 0 | C167: =+REAL_Venta!C167+'Costo Real'!C167 -> 0 | D167: =+REAL_Venta!D167+'Costo Real'!D167 -> 0 | E167: =+REAL_Venta!E167+'Costo Real'!E167 -> 0 | F167: =+REAL_Venta!F167+'Costo Real'!F167 -> 0 | G167: =+REAL_Venta!G167+'Costo Real'!G167 -> 0 | H167: =+REAL_Venta!H167+'Costo Real'!H167 -> 0 | I167: =+REAL_Venta!I167+'Costo Real'!I167 -> 0 | J167: =+REAL_Venta!J167+'Costo Real'!J167 -> 0 | Z167: 7502 | AA167: Hoka | AB167: #N/A
A168: Hoka Parque Arauco | B168: =+REAL_Venta!B168+'Costo Real'!B168 -> 0 | C168: =+REAL_Venta!C168+'Costo Real'!C168 -> 0 | D168: =+REAL_Venta!D168+'Costo Real'!D168 -> 0 | E168: =+REAL_Venta!E168+'Costo Real'!E168 -> 0 | F168: =+REAL_Venta!F168+'Costo Real'!F168 -> 0 | G168: =+REAL_Venta!G168+'Costo Real'!G168 -> 0 | H168: =+REAL_Venta!H168+'Costo Real'!H168 -> 0 | I168: =+REAL_Venta!I168+'Costo Real'!I168 -> 0 | J168: =+REAL_Venta!J168+'Costo Real'!J168 -> 0 | Z168: 7503 | AA168: Hoka | AB168: #N/A
A169: Drops Parque Arauco | B169: =+REAL_Venta!B169+'Costo Real'!B169 -> 0 | C169: =+REAL_Venta!C169+'Costo Real'!C169 -> 0 | D169: =+REAL_Venta!D169+'Costo Real'!D169 -> 0 | E169: =+REAL_Venta!E169+'Costo Real'!E169 -> 0 | F169: =+REAL_Venta!F169+'Costo Real'!F169 -> 0 | G169: =+REAL_Venta!G169+'Costo Real'!G169 -> 0 | H169: =+REAL_Venta!H169+'Costo Real'!H169 -> 0 | I169: =+REAL_Venta!I169+'Costo Real'!I169 -> 0 | J169: =+REAL_Venta!J169+'Costo Real'!J169 -> 0 | Z169: 5003 | AA169: Drops | AB169: #N/A
A172: BELSPORT | B172: 2951289.8 | C172: 4323556.6 | D172: 3951355 | E172: 2630802.4 | F172: 2856254.1 | G172: 2255814.7 | H172: 2742788.6 | I172: 2897701.3 | J172: 3647331.3
A173: BOLD | B173: 2098979.1 | C173: 2528287.4 | D173: 2233133.9 | E173: 1613795.8 | F173: 1693078.8 | G173: 1416480.5 | H173: 1512681.6 | I173: 1753963.7 | J173: 2295742.8
A174: K1 | B174: 0 | C174: 0 | D174: 0 | E174: 0 | F174: 0 | G174: 0 | H174: 0 | I174: 0 | J174: 0
A175: ANTIHUMAN | B175: 36844.087 | C175: 40364.245 | D175: 44369.847 | E175: 39119.703 | F175: 33558.569 | G175: 30270.905 | H175: 33503.267 | I175: 35136.807 | J175: 31124.46
A176: AUFBAU | B176: 2870129.2 | C176: 2824821.7 | D176: 3212898.5 | E176: 2610557.1 | F176: 2625919.1 | G176: 2220770.1 | H176: 2393346 | I176: 2391726 | J176: 3109705.1
A177: BAMERS | B177: 284251.88 | C177: 193860.8 | D177: 158107.61 | E177: 158377.95 | F177: 280390.19 | G177: 173327.67 | H177: 182700.72 | I177: 174651.09 | J177: 121958.92
A178: CROCS | B178: 0 | C178: 0 | D178: 0 | E178: 0 | F178: 0 | G178: 0 | H178: 0 | I178: 0 | J178: 0
A179: DROPS | B179: 7947.736 | C179: 20879.063 | D179: 25596.919 | E179: 19083.995 | F179: 12453.498 | G179: 9594.005 | H179: 14773.705 | I179: 7578.141 | J179: 6780.231
A180: HOKA | B180: 29130.944 | C180: 22024.784 | D180: 26046.179 | E180: 25371.931 | F180: 24955.663 | G180: 21654.294 | H180: 23515.577 | I180: 26494.103 | J180: 28857.725
A181: LOCKER | B181: 124704.56 | C181: 168372.27 | D181: 176091.43 | E181: 98481.88 | F181: 87813.814 | G181: 96649.341 | H181: 103709.71 | I181: 117851.43 | J181: 131707.41
A182: OAKLEY | B182: 162804.96 | C182: 141487.07 | D182: 170066.25 | E182: 114658.62 | F182: 112382.39 | G182: 102799.97 | H182: 126448.63 | I182: 153267.72 | J182: 117163.69
A183: OUTLET/BELSPORT | B183: 0 | C183: 0 | D183: 0 | E183: 0 | F183: 0 | G183: 0 | H183: 0 | I183: 0 | J183: 0
... A185: THE LAB | B185: 0 | C185: 0 | D185: 0 | E185: 0 | F185: 0 | G185: 0 | H185: 0 | I185: 0 | J185: 0
B186: 8566082.3 | C186: 10263654 | D186: 9997665.7 | E186: 7310249.4 | F186: 7726806.1 | G186: 6327361.5 | H186: 7133467.8 | I186: 7558370.2 | J186: 9490371.6
A188: BELSPORT | B188: 1181482.4 | C188: 972350.43 | D188: 1019039.5 | E188: 569905.37 | F188: 887115.41 | G188: 241555.63 | H188: 826880.83 | I188: 310370.97 | J188: 664549.55
A189: BOLD | B189: 715617.6 | C189: 728825.57 | D189: 690748.03 | E189: 258375.9 | F189: 351016.09 | G189: 206766.22 | H189: 301010.43 | I189: 134641.23 | J189: 514858.18
A190: K1 | B190: 0 | C190: 0 | D190: 0 | E190: 0 | F190: 0 | G190: 0 | H190: 0 | I190: 0 | J190: 0
A191: ANTIHUMAN | B191: 11380.664 | C191: 5836.6049 | D191: 10106.93 | E191: 8650.429 | F191: 3108.511 | G191: 457.58231 | H191: 2763.7551 | I191: 2912.1744 | J191: -3920.4207
A192: AUFBAU | B192: 2430781.1 | C192: 2358862.1 | D192: 2695827.3 | E192: 2124918.9 | F192: 2202461 | G192: 1781314.8 | H192: 1939658.6 | I192: 1918609.7 | J192: 2655689
A193: BAMERS | B193: -278827.04 | C193: -261026.76 | D193: -111293.68 | E193: -141114.08 | F193: -365191.04 | G193: -254995.82 | H193: -214773.94 | I193: -28520.483 | J193: -97877.161
A194: CROCS | B194: 0 | C194: 0 | D194: 0 | E194: 0 | F194: 0 | G194: 0 | H194: 0 | I194: 0 | J194: 0
A195: DROPS | B195: -59.590526 | C195: 7688.609 | D195: 9546.756 | E195: 2675.0852 | F195: -14356.638 | G195: -33875.127 | H195: -34977.315 | I195: -51583.778 | J195: -54598.492
A196: HOKA | B196: -13580.608 | C196: -20706.976 | D196: -19614.418 | E196: -25409.763 | F196: -21309.281 | G196: -20716.883 | H196: -12796.379 | I196: -19045.289 | J196: -17640.754
A197: LOCKER | B197: 92514.802 | C197: 116070.58 | D197: 127596.58 | E197: 63612.442 | F197: 53279.299 | G197: 69720.634 | H197: 76482.193 | I197: 84724.98 | J197: 88753.76
A198: OAKLEY | B198: 25044.002 | C198: -3992.9988 | D198: 66068.298 | E198: 30762.741 | F198: 18054.49 | G198: -33812.803 | H198: -12469.802 | I198: 51794.175 | J198: 5379.1791
A199: OUTLET/BELSPORT
A200: QSRX | B200: 0 | C200: 0 | D200: 0 | E200: 0 | F200: 0 | G200: 0 | H200: 0 | I200: 0 | J200: 0
A201: THE LAB
B202: 4164353.3 | C202: 3903907.2 | D202: 4488025.3 | E202: 2892377 | F202: 3114177.9 | G202: 1956414.2 | H202: 2871778.4 | I202: 2403903.7 | J202: 3755192.8

Sheet REAL_Venta
A1: Sucursal | B1: 45658 | C1: 45689 | D1: 45717 | E1: 45748 | F1: 45778 | G1: 45809 | H1: 45839 | I1: 45870 | J1: 45901 | K1: 45931 | L1: 45962 | M1: 45992 | N1: 46023 | O1: 46054 | P1: 46082 | Q1: 46113 | R1: 46143 | S1: 46174 | T1: 46204 | U1: 46235 | V1: 46266 | W1: 46296 | X1: 46327 | Y1: 46357
A2: 1000-Belsport Ahumada | B2: 94442.07 | C2: 136362.69 | D2: 139768.74 | E2: 95486.522 | F2: 105271.44 | G2: 78101.871 | H2: 108664.61 | I2: 102650.09 | J2: 122111.78
A3: 1001-Belsport Puente | B3: 48680.739 | C3: 76167.103 | D3: 85069.55 | E3: 58263.898 | F3: 66261.899 | G3: 48063.822 | H3: 56535.35 | I3: 56749.682 | J3: 70936.295
A4: 1003-Belsport Maipu | B4: 79869.143 | C4: 147193.23 | D4: 148639.5 | E4: 100352.13 | F4: 102286.96 | G4: 77215.229 | H4: 88413.897 | I4: 114356.11 | J4: 125822.06
A5: 1004-Belsport Rosas | B5: 100237.77 | C5: 151962.43 | D5: 154154.95 | E5: 117878.77 | F5: 125511.1 | G5: 84508.477 | H5: 108117.58 | I5: 123005.02 | J5: 139148.28
A6: 1005-Belsport San Bernardo | B6: 65305.815 | C6: 125720.03 | D6: 135709.78 | E6: 90281.96 | F6: 102702.85 | G6: 80998.253 | H6: 91628.692 | I6: 108073.46 | J6: 139916.25
A7: 1006-Belsport Vespucio I | B7: 79185.974 | C7: 146226.03 | D7: 140505.04 | E7: 91171.661 | F7: 111671.72 | G7: 84377.261 | H7: 94399.589 | I7: 115127.31 | J7: 155124.41
A8: 1007-Belsport Rancagua | B8: 75511.862 | C8: 134747.78 | D8: 110500.31 | E8: 71115.432 | F8: 78664.538 | G8: 54571.954 | H8: 70448.297 | I8: 86758.629 | J8: 110952.19
A9: 1008-Belsport Marina | B9: 150318.24 | C9: 155322.56 | D9: 134521.9 | E9: 92913.651 | F9: 83074.281 | G9: 55933.627 | H9: 68307.418 | I9: 80331.68 | J9: 94182.308
A10: 1009-Belsport Calama | B10: 79268.409 | C10: 110059.63 | D10: 119613.73 | E10: 91163.473 | F10: 98694.882 | G10: 73855.518 | H10: 82629.816 | I10: 90891.418 | J10: 85005.097
A11: 1010-Belsport Concepcion I | B11: 120375.69 | C11: 181097.1 | D11: 148612.97 | E11: 102899.02 | F11: 111171.35 | G11: 76997.146 | H11: 87954.055 | I11: 107080.62 | J11: 130272.36
A12: 1012-Belsport Plaza Oeste II | B12: 53064.184 | C12: 100182.87 | D12: 96872.333 | E12: 66330.294 | F12: 73448.706 | G12: 46239.451 | H12: 57143.346 | I12: 70954.815 | J12: 86863.429
A13: 1013-Belsport Los Angeles | B13: 81224.837 | C13: 140001.52 | D13: 124258.18 | E13: 82938.5 | F13: 84099.865 | G13: 53979.126 | H13: 75437.598 | I13: 89092.392 | J13: 107298.77
... A169: P-Drops Parque Arauco | B169: 0 | C169: 0 | D169: 0 | E169: 0 | F169: 0 | G169: 0 | H169: 0 | I169: 0 | J169: 0

Sheet REAL_Contribución
A1: Sucursal | B1: 45658 | C1: 45689 | D1: 45717 | E1: 45748 | F1: 45778 | G1: 45809 | H1: 45839 | I1: 45870 | J1: 45901 | K1: 45931 | L1: 45962 | M1: 45992 | N1: 46023 | O1: 46054 | P1: 46082 | Q1: 46113 | R1: 46143 | S1: 46174 | T1: 46204 | U1: 46235 | V1: 46266 | W1: 46296 | X1: 46327 | Y1: 46357
A2: 1000-Belsport Ahumada | B2: =+IFERROR('Contri Real'!B2/REAL_Venta!B2,0) -> 0.41192036 | C2: =+IFERROR('Contri Real'!C2/REAL_Venta!C2,0) -> 0.42980948 | D2: =+IFERROR('Contri Real'!D2/REAL_Venta!D2,0) -> 0.43824234 | E2: =+IFERROR('Contri Real'!E2/REAL_Venta!E2,0) -> 0.43891815 | F2: =+IFERROR('Contri Real'!F2/REAL_Venta!F2,0) -> 0.38293805 | G2: =+IFERROR('Contri Real'!G2/REAL_Venta!G2,0) -> 0.34922104 | H2: =+IFERROR('Contri Real'!H2/REAL_Venta!H2,0) -> 0.3326602 | I2: =+IFERROR('Contri Real'!I2/REAL_Venta!I2,0) -> 0.40276536 | J2: =+IFERROR('Contri Real'!J2/REAL_Venta!J2,0) -> 0.32256096
A3: 1001-Belsport Puente | B3: =+IFERROR('Contri Real'!B3/REAL_Venta!B3,0) -> 0.40040865 | C3: =+IFERROR('Contri Real'!C3/REAL_Venta!C3,0) -> 0.43182614 | D3: =+IFERROR('Contri Real'!D3/REAL_Venta!D3,0) -> 0.43490259 | E3: =+IFERROR('Contri Real'!E3/REAL_Venta!E3,0) -> 0.42403369 | F3: =+IFERROR('Contri Real'!F3/REAL_Venta!F3,0) -> 0.38714773 | G3: =+IFERROR('Contri Real'!G3/REAL_Venta!G3,0) -> 0.35332239 | H3: =+IFERROR('Contri Real'!H3/REAL_Venta!H3,0) -> 0.31328288 | I3: =+IFERROR('Contri Real'!I3/REAL_Venta!I3,0) -> 0.35757949 | J3: =+IFERROR('Contri Real'!J3/REAL_Venta!J3,0) -> 0.33926261
A4: 1003-Belsport Maipu | B4: =+IFERROR('Contri Real'!B4/REAL_Venta!B4,0) -> 0.42916752 | C4: =+IFERROR('Contri Real'!C4/REAL_Venta!C4,0) -> 0.44502305 | D4: =+IFERROR('Contri Real'!D4/REAL_Venta!D4,0) -> 0.44115243 | E4: =+IFERROR('Contri Real'!E4/REAL_Venta!E4,0) -> 0.43539427 | F4: =+IFERROR('Contri Real'!F4/REAL_Venta!F4,0) -> 0.42123429 | G4: =+IFERROR('Contri Real'!G4/REAL_Venta!G4,0) -> 0.38121954 | H4: =+IFERROR('Contri Real'!H4/REAL_Venta!H4,0) -> 0.37855662 | I4: =+IFERROR('Contri Real'!I4/REAL_Venta!I4,0) -> 0.41935237 | J4: =+IFERROR('Contri Real'!J4/REAL_Venta!J4,0) -> 0.38067866
A5: 1004-Belsport Rosas | B5: =+IFERROR('Contri Real'!B5/REAL_Venta!B5,0) -> 0.41176267 | C5: =+IFERROR('Contri Real'!C5/REAL_Venta!C5,0) -> 0.4364253 | D5: =+IFERROR('Contri Real'!D5/REAL_Venta!D5,0) -> 0.43967669 | E5: =+IFERROR('Contri Real'!E5/REAL_Venta!E5,0) -> 0.43086536 | F5: =+IFERROR('Contri Real'!F5/REAL_Venta!F5,0) -> 0.38733588 | G5: =+IFERROR('Contri Real'!G5/REAL_Venta!G5,0) -> 0.39061138 | H5: =+IFERROR('Contri Real'!H5/REAL_Venta!H5,0) -> 0.36062474 | I5: =+IFERROR('Contri Real'!I5/REAL_Venta!I5,0) -> 0.41879199 | J5: =+IFERROR('Contri Real'!J5/REAL_Venta!J5,0) -> 0.38119929
A6: 1005-Belsport San Bernardo | B6: =+IFERROR('Contri Real'!B6/REAL_Venta!B6,0) -> 0.38562563 | C6: =+IFERROR('Contri Real'!C6/REAL_Venta!C6,0) -> 0.41702822 | D6: =+IFERROR('Contri Real'!D6/REAL_Venta!D6,0) -> 0.42929919 | E6: =+IFERROR('Contri Real'!E6/REAL_Venta!E6,0) -> 0.41969137 | F6: =+IFERROR('Contri Real'!F6/REAL_Venta!F6,0) -> 0.39351917 | G6: =+IFERROR('Contri Real'!G6/REAL_Venta!G6,0) -> 0.37546935 | H6: =+IFERROR('Contri Real'!H6/REAL_Venta!H6,0) -> 0.35920935 | I6: =+IFERROR('Contri Real'!I6/REAL_Venta!I6,0) -> 0.40719529 | J6: =+IFERROR('Contri Real'!J6/REAL_Venta!J6,0) -> 0.37000534
A7: 1006-Belsport Vespucio I | B7: =+IFERROR('Contri Real'!B7/REAL_Venta!B7,0) -> 0.42183302 | C7: =+IFERROR('Contri Real'!C7/REAL_Venta!C7,0) -> 0.44035572 | D7: =+IFERROR('Contri Real'!D7/REAL_Venta!D7,0) -> 0.44707436 | E7: =+IFERROR('Contri Real'!E7/REAL_Venta!E7,0) -> 0.44616867 | F7: =+IFERROR('Contri Real'!F7/REAL_Venta!F7,0) -> 0.41852344 | G7: =+IFERROR('Contri Real'!G7/REAL_Venta!G7,0) -> 0.40644077 | H7: =+IFERROR('Contri Real'!H7/REAL_Venta!H7,0) -> 0.38943671 | I7: =+IFERROR('Contri Real'!I7/REAL_Venta!I7,0) -> 0.42714401 | J7: =+IFERROR('Contri Real'!J7/REAL_Venta!J7,0) -> 0.37841294
A8: 1007-Belsport Rancagua | B8: =+IFERROR('Contri Real'!B8/REAL_Venta!B8,0) -> 0.41625423 | C8: =+IFERROR('Contri Real'!C8/REAL_Venta!C8,0) -> 0.42685985 | D8: =+IFERROR('Contri Real'!D8/REAL_Venta!D8,0) -> 0.43818369 | E8: =+IFERROR('Contri Real'!E8/REAL_Venta!E8,0) -> 0.44125532 | F8: =+IFERROR('Contri Real'!F8/REAL_Venta!F8,0) -> 0.42725691 | G8: =+IFERROR('Contri Real'!G8/REAL_Venta!G8,0) -> 0.42359578 | H8: =+IFERROR('Contri Real'!H8/REAL_Venta!H8,0) -> 0.36722806 | I8: =+IFERROR('Contri Real'!I8/REAL_Venta!I8,0) -> 0.42343216 | J8: =+IFERROR('Contri Real'!J8/REAL_Venta!J8,0) -> 0.36422373
A9: 1008-Belsport Marina | B9: =+IFERROR('Contri Real'!B9/REAL_Venta!B9,0) -> 0.41337939 | C9: =+IFERROR('Contri Real'!C9/REAL_Venta!C9,0) -> 0.44060001 | D9: =+IFERROR('Contri Real'!D9/REAL_Venta!D9,0) -> 0.44344243 | E9: =+IFERROR('Contri Real'!E9/REAL_Venta!E9,0) -> 0.42757527 | F9: =+IFERROR('Contri Real'!F9/REAL_Venta!F9,0) -> 0.39076871 | G9: =+IFERROR('Contri Real'!G9/REAL_Venta!G9,0) -> 0.3585399 | H9: =+IFERROR('Contri Real'!H9/REAL_Venta!H9,0) -> 0.39507903 | I9: =+IFERROR('Contri Real'!I9/REAL_Venta!I9,0) -> 0.4238485 | J9: =+IFERROR('Contri Real'!J9/REAL_Venta!J9,0) -> 0.35165271
A10: 1009-Belsport Calama | B10: =+IFERROR('Contri Real'!B10/REAL_Venta!B10,0) -> 0.41908754 | C10: =+IFERROR('Contri Real'!C10/REAL_Venta!C10,0) -> 0.43085132 | D10: =+IFERROR('Contri Real'!D10/REAL_Venta!D10,0) -> 0.4291144 | E10: =+IFERROR('Contri Real'!E10/REAL_Venta!E10,0) -> 0.42815136 | F10: =+IFERROR('Contri Real'!F10/REAL_Venta!F10,0) -> 0.41490867 | G10: =+IFERROR('Contri Real'!G10/REAL_Venta!G10,0) -> 0.37630976 | H10: =+IFERROR('Contri Real'!H10/REAL_Venta!H10,0) -> 0.38017333 | I10: =+IFERROR('Contri Real'!I10/REAL_Venta!I10,0) -> 0.40853479 | J10: =+IFERROR('Contri Real'!J10/REAL_Venta!J10,0) -> 0.3782575
A11: 1010-Belsport Concepcion I | B11: =+IFERROR('Contri Real'!B11/REAL_Venta!B11,0) -> 0.42285906 | C11: =+IFERROR('Contri Real'!C11/REAL_Venta!C11,0) -> 0.43803898 | D11: =+IFERROR('Contri Real'!D11/REAL_Venta!D11,0) -> 0.44318897 | E11: =+IFERROR('Contri Real'!E11/REAL_Venta!E11,0) -> 0.43833617 | F11: =+IFERROR('Contri Real'!F11/REAL_Venta!F11,0) -> 0.41438939 | G11: =+IFERROR('Contri Real'!G11/REAL_Venta!G11,0) -> 0.39998573 | H11: =+IFERROR('Contri Real'!H11/REAL_Venta!H11,0) -> 0.35633411 | I11: =+IFERROR('Contri Real'!I11/REAL_Venta!I11,0) -> 0.41143284 | J11: =+IFERROR('Contri Real'!J11/REAL_Venta!J11,0) -> 0.33682089
A12: 1012-Belsport Plaza Oeste II | B12: =+IFERROR('Contri Real'!B12/REAL_Venta!B12,0) -> 0.41633187 | C12: =+IFERROR('Contri Real'!C12/REAL_Venta!C12,0) -> 0.43921417 | D12: =+IFERROR('Contri Real'!D12/REAL_Venta!D12,0) -> 0.43000174 | E12: =+IFERROR('Contri Real'!E12/REAL_Venta!E12,0) -> 0.43836983 | F12: =+IFERROR('Contri Real'!F12/REAL_Venta!F12,0) -> 0.40936039 | G12: =+IFERROR('Contri Real'!G12/REAL_Venta!G12,0) -> 0.36097574 | H12: =+IFERROR('Contri Real'!H12/REAL_Venta!H12,0) -> 0.36492356 | I12: =+IFERROR('Contri Real'!I12/REAL_Venta!I12,0) -> 0.39692697 | J12: =+IFERROR('Contri Real'!J12/REAL_Venta!J12,0) -> 0.36888509
A13: 1013-Belsport Los Angeles | B13: =+IFERROR('Contri Real'!B13/REAL_Venta!B13,0) -> 0.41509733 | C13: =+IFERROR('Contri Real'!C13/REAL_Venta!C13,0) -> 0.4310174 | D13: =+IFERROR('Contri Real'!D13/REAL_Venta!D13,0) -> 0.43552429 | E13: =+IFERROR('Contri Real'!E13/REAL_Venta!E13,0) -> 0.43978352 | F13: =+IFERROR('Contri Real'!F13/REAL_Venta!F13,0) -> 0.40434483 | G13: =+IFERROR('Contri Real'!G13/REAL_Venta!G13,0) -> 0.40312021 | H13: =+IFERROR('Contri Real'!H13/REAL_Venta!H13,0) -> 0.35846222 | I13: =+IFERROR('Contri Real'!I13/REAL_Venta!I13,0) -> 0.41174403 | J13: =+IFERROR('Contri Real'!J13/REAL_Venta!J13,0) -> 0.34678287
... A169: P-Drops Parque Arauco | B169: =+IFERROR('Contri Real'!B169/REAL_Venta!B169,0) -> 0 | C169: =+IFERROR('Contri Real'!C169/REAL_Venta!C169,0) -> 0 | D169: =+IFERROR('Contri Real'!D169/REAL_Venta!D169,0) -> 0 | E169: =+IFERROR('Contri Real'!E169/REAL_Venta!E169,0) -> 0 | F169: =+IFERROR('Contri Real'!F169/REAL_Venta!F169,0) -> 0 | G169: =+IFERROR('Contri Real'!G169/REAL_Venta!G169,0) -> 0 | H169: =+IFERROR('Contri Real'!H169/REAL_Venta!H169,0) -> 0 | I169: =+IFERROR('Contri Real'!I169/REAL_Venta!I169,0) -> 0 | J169: =+IFERROR('Contri Real'!J169/REAL_Venta!J169,0) -> 0

Sheet PPTO_Venta
A1: Sucursal | B1: 45658 | C1: 45689 | D1: 45717 | E1: 45748 | F1: 45778 | G1: 45809 | H1: 45839 | I1: 45870 | J1: 45901 | K1: 45931 | L1: 45962 | M1: 45992 | N1: 46023 | O1: 46054 | P1: 46082 | Q1: 46113 | R1: 46143 | S1: 46174 | T1: 46204 | U1: 46235 | V1: 46266 | W1: 46296 | X1: 46327 | Y1: 46357
A2: 1000-Belsport Ahumada | B2: 98649.822 | C2: 177317.08 | D2: 193863.7 | E2: 138056.44 | F2: 131095.77 | G2: 135068.42 | H2: 133538.12 | I2: 172899.37 | J2: 193233.98 | K2: 158712.51 | L2: 171765.35 | M2: 449670.96 | N2: 97912.585 | O2: 142321.42 | P2: 151511.07 | Q2: 102202.01 | R2: 121071.24 | S2: 97312.594 | T2: 108868.51 | U2: 128722.21 | V2: 135092.22 | W2: 137137.88 | X2: 163734.36 | Y2: 338097.25
A3: 1001-Belsport Puente | B3: 44825.283 | C3: 80570.737 | D3: 91428.316 | E3: 65108.977 | F3: 61826.245 | G3: 63699.789 | H3: 62978.089 | I3: 81541.298 | J3: 91131.329 | K3: 74850.616 | L3: 81006.479 | M3: 212069.91 | N3: 52894.39 | O3: 83623.043 | P3: 92770.018 | Q3: 63695.833 | R3: 80040.235 | S3: 60836.202 | T3: 66581.852 | U3: 74208.107 | V3: 85399.378 | W3: 72260 | X3: 80524.961 | Y3: 210147.85
A4: 1003-Belsport Maipu | B4: 79939.78 | C4: 143686.91 | D4: 157742.48 | E4: 112333.38 | F4: 106669.64 | G4: 109902.1 | H4: 108656.93 | I4: 140684.28 | J4: 157230.09 | K4: 129140.76 | L4: 139761.55 | M4: 365887.03 | N4: 86499.44 | O4: 170360.49 | P4: 161556.49 | Q4: 116459.08 | R4: 115119.72 | S4: 104066.61 | T4: 100317.44 | U4: 121272.77 | V4: 158540.93 | W4: 124838.08 | X4: 145447.76 | Y4: 341759.71
A5: 1004-Belsport Rosas | B5: 86985.478 | C5: 156351.13 | D5: 206856.35 | E5: 147308.91 | F5: 139881.74 | G5: 144120.63 | H5: 142487.78 | I5: 184486.99 | J5: 206184.42 | K5: 169349.34 | L5: 183276.97 | M5: 479807.67 | N5: 102818.68 | O5: 157548.19 | P5: 167479.49 | Q5: 122110.11 | R5: 141022.15 | S5: 113897.62 | T5: 110450.68 | U5: 142544.88 | V5: 162259.51 | W5: 146478.83 | X5: 174403.12 | Y5: 360101.37
A6: 1005-Belsport San Bernardo | B6: 62233.639 | C6: 111861.2 | D6: 149558.59 | E6: 106505.37 | F6: 101135.47 | G6: 104200.22 | H6: 103019.66 | I6: 133385.39 | J6: 149072.78 | K6: 122440.75 | L6: 132510.53 | M6: 346904.3 | N6: 66800.359 | O6: 129970.49 | P6: 147671.36 | Q6: 100462.28 | R6: 115583.58 | S6: 98594.398 | T6: 91516.011 | U6: 115910.25 | V6: 153169.15 | W6: 111253.63 | X6: 125535.56 | Y6: 294184.85
A7: 1006-Belsport Vespucio I | B7: 79732.42 | C7: 143314.2 | D7: 152247.43 | E7: 108420.18 | F7: 102953.74 | G7: 106073.59 | H7: 104871.8 | I7: 135783.46 | J7: 151752.88 | K7: 124642.06 | L7: 134892.87 | M7: 353141.12 | N7: 85651.704 | O7: 160905.1 | P7: 153325.11 | Q7: 119795.36 | R7: 125586.76 | S7: 105258.01 | T7: 103957.23 | U7: 119922.49 | V7: 155519.02 | W7: 114534.37 | X7: 130597.93 | Y7: 336577.23
A8: 1007-Belsport Rancagua | B8: 80477.503 | C8: 144653.44 | D8: 135053.74 | E8: 96176.015 | F8: 91326.912 | G8: 94094.43 | H8: 93028.361 | I8: 120449.09 | J8: 134615.05 | K8: 110565.92 | L8: 119659.08 | M8: 313260.01 | N8: 87273.124 | O8: 142057.27 | P8: 141891.08 | Q8: 84460.911 | R8: 90018.623 | S8: 68483.645 | T8: 71907.935 | U8: 81505.948 | V8: 111051.12 | W8: 98812.654 | X8: 113625.07 | Y8: 266770.79
A9: 1008-Belsport Marina | B9: 166702.39 | C9: 299637.46 | D9: 142023.4 | E9: 101139.32 | F9: 96039.974 | G9: 98950.318 | H9: 97829.234 | I9: 126665.05 | J9: 141562.06 | K9: 116271.84 | L9: 125834.27 | M9: 329426.27 | N9: 114997.67 | O9: 151468.15 | P9: 146395.7 | Q9: 88140.773 | R9: 93691.378 | S9: 77223.148 | T9: 82339.488 | U9: 87879.217 | V9: 99699.555 | W9: 108366.11 | X9: 119348.12 | Y9: 239781.72
A10: 1009-Belsport Calama | B10: 82767.59 | C10: 148769.73 | D10: 128682.12 | E10: 91638.579 | F10: 87018.25 | G10: 89655.202 | H10: 88639.432 | I10: 114766.49 | J10: 128264.12 | K10: 105349.59 | L10: 114013.75 | M10: 298480.89 | N10: 81473.999 | O10: 122425.68 | P10: 130385.93 | Q10: 96769.699 | R10: 111113.4 | S10: 92619.694 | T10: 89010.418 | U10: 101204.25 | V10: 102722.94 | W10: 105668.58 | X10: 109251.22 | Y10: 272621.81
A11: 1010-Belsport Concepcion I | B11: 125329.98 | C11: 225273.04 | D11: 182561.99 | E11: 130008.13 | F11: 123453.25 | G11: 127194.31 | H11: 125753.22 | I11: 162819.82 | J11: 181968.98 | K11: 149460.01 | L11: 161751.91 | M11: 423456.4 | N11: 122898.65 | O11: 192945.75 | P11: 179722.02 | Q11: 127926.43 | R11: 125028.69 | S11: 108011.42 | T11: 112614.66 | U11: 115281.29 | V11: 142720.85 | W11: 146113.06 | X11: 153545 | Y11: 288489.9
A12: 1012-Belsport Plaza Oeste II | B12: 43255.897 | C12: 77749.855 | D12: 104587.58 | E12: 74480.107 | F12: 70724.892 | G12: 72868.097 | H12: 72042.519 | I12: 93277.528 | J12: 104247.85 | K12: 85623.858 | L12: 92665.733 | M12: 242593.11 | N12: 62549.978 | O12: 109805.5 | P12: 105444.94 | Q12: 76423.15 | R12: 82955.75 | S12: 64992.495 | T12: 62884.506 | U12: 74720.622 | V12: 96738.242 | W12: 81432.695 | X12: 88330.93 | Y12: 226316.14
... A102: 7302-Antihuman Costanera Cente | B102: 63643.912 | C102: 82293.469 | D102: 82238.779 | E102: 73967.85 | F102: 74879.696 | G102: 74063.569 | H102: 76801.487 | I102: 78836.892 | J102: 82186.379 | K102: 83780.787 | L102: 82017.324 | M102: 178792.86 | N102: 67404.707 | O102: 80450.292 | P102: 87559.105 | Q102: 76084.064 | R102: 79382.829 | S102: 68897.395 | T102: 77511.497 | U102: 75965.949 | V102: 86616.882 | W102: 88461.982 | X102: 80453.316 | Y102: 167827.72
A103: 5000-Drops Ahumada | B103: 17844.337 | C103: 29394.944 | D103: 35767.808 | E103: 37075.043 | F103: 59665.695 | G103: 57768.033 | H103: 39351.461 | I103: 52190.214 | J103: 64818.671 | K103: 47307.773 | L103: 46155.918 | M103: 117856.11
A104: 7501-Hoka Costanera | B104: 70380.742 | C104: 70944.329 | D104: 75098.072 | E104: 81637.043 | F104: 74252.788 | G104: 70252.982 | H104: 68919.714 | I104: 74868.141 | J104: 76509.089 | K104: 77124.442 | L104: 75483.497 | M104: 165120.15 | N104: 109408.1 | O104: 110102.67 | P104: 115221.79 | Q104: 104128.71 | R104: 95926.461 | S104: 91483.578 | T104: 90002.616 | U104: 96609.982 | V104: 98432.704 | W104: 103400.48 | X104: 102326.73 | Y104: 213934.83
A105: 8000-Aufbau Huerfanos | B105: 161567.05 | C105: 165472.78 | D105: 178997.87 | E105: 164047.74 | F105: 144204.12 | G105: 149621.21 | H105: 154176.33 | I105: 160115.39 | J105: 151123.8 | K105: 209721.21 | L105: 221185.81 | M105: 397631.16 | N105: 146017.07 | O105: 120240.45 | P105: 163617.02 | Q105: 130914.32 | R105: 121129.26 | S105: 132341.24 | T105: 125329.55 | U105: 138870.13 | V105: 136133.6 | W105: 308929.23 | X105: 187882.85 | Y105: 208795.91
A106: 8001-Aufbau Florida Center | B106: 154646.8 | C106: 158385.23 | D106: 171331.01 | E106: 157021.23 | F106: 138027.55 | G106: 143212.61 | H106: 147572.63 | I106: 153257.31 | J106: 144650.85 | K106: 200738.41 | L106: 211711.95 | M106: 380599.78 | N106: 117907.76 | O106: 118692.79 | P106: 171608.12 | Q106: 127015.09 | R106: 120251.98 | S106: 121561.81 | T106: 119497.2 | U106: 145119.17 | V106: 173552.65 | W106: 227329.4 | X106: 198125.27 | Y106: 231622.01
A107: 8002-Aufbau La Serena | B107: 252687.16 | C107: 258795.63 | D107: 279948.55 | E107: 256566.9 | F107: 225531.93 | G107: 234004.13 | H107: 241128.24 | I107: 250416.8 | J107: 236354.16 | K107: 327999.16 | L107: 345929.53 | M107: 621886.01 | N107: 298718 | O107: 229549.15 | P107: 286422.4 | Q107: 210262.36 | R107: 249583.29 | S107: 206288.12 | T107: 202942.14 | U107: 229232.23 | V107: 239808.81 | W107: 336844.9 | X107: 304838.97 | Y107: 411348.32
A108: 8003-Aufbau Rancagua | B108: 204160.43 | C108: 209095.81 | D108: 226186.46 | E108: 207295.09 | F108: 182220.16 | G108: 189065.34 | H108: 194821.32 | I108: 202326.07 | J108: 190964.06 | K108: 265009.3 | L108: 279496.27 | M108: 502457.32 | N108: 174165.7 | O108: 192532.84 | P108: 236507.03 | Q108: 187336.31 | R108: 186351.64 | S108: 180941.14 | T108: 182588.47 | U108: 196133.02 | V108: 226913.3 | W108: 317209.44 | X108: 230280.43 | Y108: 309580.95
A109: 8005-Aufbau Osorno | B109: 108959.59 | C109: 111593.58 | D109: 120714.79 | E109: 110632.55 | F109: 97250.158 | G109: 100903.4 | H109: 103975.34 | I109: 107980.6 | J109: 101916.74 | K109: 141434.39 | L109: 149166.02 | M109: 268159.43 | N109: 177445.61 | O109: 136928.17 | P109: 138142.35 | Q109: 107708.89 | R109: 90967.189 | S109: 76395.941 | T109: 84981.337 | U109: 78586.359 | V109: 104004.47 | W109: 169562.93 | X109: 161695.64 | Y109: 188959.42
A110: 8006-Aufbau Temuco | B110: 251088.65 | C110: 257158.47 | D110: 278177.57 | E110: 254943.84 | F110: 224105.2 | G110: 232523.8 | H110: 239602.85 | I110: 248832.64 | J110: 234858.96 | K110: 325924.21 | L110: 343741.15 | M110: 617951.91 | N110: 269147.47 | O110: 292281.85 | P110: 311054.6 | Q110: 281318.08 | R110: 275415.07 | S110: 218184.28 | T110: 211931.21 | U110: 216319.69 | V110: 249799.79 | W110: 379102.87 | X110: 379542.62 | Y110: 348986.38
A111: 8007-Aufbau Puerto Montt | B111: 307593.2 | C111: 315028.96 | D111: 340778.17 | E111: 312315.95 | F111: 274537.44 | G111: 284850.56 | H111: 293522.65 | I111: 304829.51 | J111: 287711.2 | K111: 399269.63 | L111: 421096.06 | M111: 757014.72 | N111: 311667.25 | O111: 327510.26 | P111: 361220.96 | Q111: 333066.38 | R111: 310705.58 | S111: 260512.19 | T111: 262888.42 | U111: 278327.93 | V111: 295917.4 | W111: 456455.8 | X111: 472120.39 | Y111: 448393.21
A112: 8008-Aufbau Copiapó | B112: 94591.939 | C112: 96878.605 | D112: 104797.07 | E112: 96044.293 | F112: 84426.534 | G112: 87598.055 | H112: 90264.923 | I112: 93742.039 | J112: 88477.771 | K112: 122784.54 | L112: 129496.66 | M112: 232799.33 | N112: 78403.893 | O112: 80402.851 | P112: 93367.342 | Q112: 81740.623 | R112: 79651.008 | S112: 73166.999 | T112: 69978.291 | U112: 88053.926 | V112: 95527.675 | W112: 128914.83 | X112: 116037.85 | Y112: 181412.76
A113: 8009-Aufbau Talca | B113: 127818.5 | C113: 130908.39 | D113: 141608.32 | E113: 129781.02 | F113: 114082.38 | G113: 118367.94 | H113: 121971.57 | I113: 126670.07 | J113: 119556.66 | K113: 165914.09 | L113: 174983.94 | M113: 314572.92 | N113: 121537.35 | O113: 106413.22 | P113: 145115.77 | Q113: 124168.06 | R113: 106170.02 | S113: 104287.41 | T113: 107224.99 | U113: 111806.5 | V113: 103396.65 | W113: 217714.33 | X113: 183582.66 | Y113: 200908.48
A114: 8010-Aufbau Chillán | B114: 121272.16 | C114: 124203.79 | D114: 134355.72 | E114: 123134.16 | F114: 108239.54 | G114: 112305.61 | H114: 115724.69 | I114: 120182.54 | J114: 113433.46 | K114: 157416.65 | L114: 166021.97 | M114: 298461.77 | N114: 111344.9 | O114: 123876.25 | P114: 128593.89 | Q114: 121283.31 | R114: 105824.98 | S114: 98164.798 | T114: 102527.14 | U114: 102025.81 | V114: 113326.98 | W114: 187743.91 | X114: 147593.47 | Y114: 199309.07
A115: 8011-Aufbau Plaza Vespucio | B115: 204160.43 | C115: 209095.81 | D115: 320087.03 | E115: 293352.96 | F115: 257868.26 | G115: 267555.18 | H115: 275700.73 | I115: 286321.07 | J115: 270242.15 | K115: 375027.04 | L115: 395528.22 | M115: 711050.8 | N115: 274061.34 | O115: 259385.89 | P115: 365816.15 | Q115: 401702.53 | R115: 402003.98 | S115: 365097.96 | T115: 328324.94 | U115: 313218.43 | V115: 316707.27 | W115: 495141.38 | X115: 395886 | Y115: 413244.31
... A140: B052-Bamers Coquimbo | B140: 22511.661 | C140: 17884.682 | D140: 10730.614 | E140: 11842.999 | F140: 25960.663 | G140: 16899.989 | H140: 16331.672 | I140: 8002.2504 | J140: 8701.0546 | K140: 12090.666 | L140: 20860.229 | M140: 46692.03 | N140: 25522.8 | O140: 22229.152 | P140: 10652.534 | Q140: 13480.147 | R140: 23130.407 | S140: 12368.131 | T140: 12975.531 | U140: 11320.458 | V140: 7410.7339 | W140: 7537.4352 | X140: 11154.286 | Y140: 39336.943
A141: B053-Bamers San Fernando | B141: 32696.093 | C141: 25975.835 | D141: 15585.216 | E141: 17200.857 | F141: 37705.442 | G141: 24545.66 | H141: 23720.239 | I141: 11622.525 | J141: 12637.466 | K141: 17560.566 | L141: 30297.538 | M141: 67815.822
A142: B054-Bamers Mall Plaza La Sere | B142: 31008.881 | C142: 24635.406 | D142: 14780.971 | E142: 16313.239 | F142: 35759.733 | G142: 23279.029 | H142: 22496.199 | I142: 11022.769 | J142: 11985.334 | K142: 16654.39 | L142: 28734.097 | M142: 64316.329 | N142: 52166.587 | O142: 34745.395 | P142: 23377.43 | Q142: 31135.017 | R142: 41735.422 | S142: 27015.326 | T142: 18429.413 | U142: 16078.678 | V142: 21828.464 | W142: 17009.378 | X142: 32362.567 | Y142: 85750.65
A143: B055-Bamers Costanera Center I | B143: 57021.534 | C143: 45301.494 | D143: 27180.401 | E143: 29998.052 | F143: 65757.767 | G143: 42807.287 | H143: 41367.761 | I143: 20269.523 | J143: 22039.567 | K143: 30625.386 | L143: 52838.485 | M143: 118269.85 | N143: 58491.538 | O143: 41317.058 | P143: 37872.829 | Q143: 42042.914 | R143: 58796.397 | S143: 31940.901 | T143: 26404.686 | U143: 23036.678 | V143: 30048.176 | W143: 45296.865 | X143: 57272.002 | Y143: 148858.18
A144: B056-Bamers Rosas | B144: 54602.249 | C144: 43379.464 | D144: 8607.7445 | E144: 9500.0622 | F144: 20824.782 | G144: 13556.609 | H144: 13100.729 | I144: 6419.1395 | J144: 6979.6924 | K144: 9698.7311 | L144: 16733.382 | M144: 37454.798 | N144: 15488.967 | O144: 12188.251 | P144: 8809.5257 | Q144: 11219.927 | R144: 16620.514 | S144: 11173.431 | T144: 10014.148 | U144: 8736.8096 | V144: 10102.481 | W144: 12785.697 | X144: 23879.076 | Y144: 51906.971
A145: B057-Bamers Puerto Varas II | B145: 0 | C145: 0 | D145: 10730.614 | E145: 11842.999 | F145: 25960.663 | G145: 16899.989 | H145: 16331.672 | I145: 8002.2504 | J145: 8701.0546 | K145: 12090.666 | L145: 20860.229 | M145: 46692.03 | N145: 11762.788 | O145: 23660.779 | P145: 14890.077 | Q145: 14210.897 | R145: 16678.151 | S145: 13199.193 | T145: 12713.573 | U145: 11091.913 | V145: 9048.7837 | W145: 9203.5863 | X145: 8529.0508 | Y145: 33063.563
A146: B058-Bamers Florida Center II | B146: 0 | C146: 21023.161 | D146: 12613.663 | E146: 13921.259 | F146: 30516.349 | G146: 19865.671 | H146: 19197.626 | I146: 9406.5202 | J146: 10227.949 | K146: 14212.388 | L146: 24520.869 | M146: 54885.739 | N146: 25050.917 | O146: 16667.962 | P146: 13599.201 | Q146: 13201.666 | R146: 24285.676 | S146: 15904.827 | T146: 10702.502 | U146: 9337.3609 | V146: 10869.611 | W146: 15085.662 | X146: 24810.798 | Y146: 68902.04
A147: B602-Bamers Easton Center | B147: 21392.387 | C147: 17607.328 | D147: 12011.139 | E147: 12231.093 | F147: 13541.243 | G147: 10727.646 | H147: 15124.524 | I147: 11739.197 | J147: 9469.9319 | K147: 11450.866 | L147: 12741.989 | M147: 25494.27 | N147: 17112.043 | O147: 14420.232 | P147: 10765.729 | Q147: 7312.7822 | R147: 12574.073 | S147: 12836.353 | T147: 12126.442 | U147: 13355.045 | V147: 11738.337 | W147: 12064.11 | X147: 15017.89 | Y147: 30388.021
A148: B603-Bamers Buenaventura | B148: 28237.855 | C148: 23241.596 | D148: 15854.647 | E148: 16144.99 | F148: 17874.378 | G148: 14160.446 | H148: 19964.309 | I148: 15495.69 | J148: 12500.268 | K148: 15115.089 | L148: 16819.37 | M148: 33652.324 | N148: 20965.933 | O148: 19839.006 | P148: 13069.36 | Q148: 11853.602 | R148: 15837.276 | S148: 19119.109 | T148: 19471.034 | U148: 18242.431 | V148: 19859.139 | W148: 17104.754 | X148: 21784.3 | Y148: 48573.09
A149: D002-Oakley Costanera Center | B149: 48881.408 | C149: 51325.475 | D149: 37039.61 | E149: 43307.831 | F149: 39204.798 | G149: 51575.359 | H149: 57263.576 | I149: 49979.964 | J149: 52443.276 | K149: 60320.287 | L149: 49373.368 | M149: 99094.657 | N149: 56154.309 | O149: 51308.842 | P149: 62715.879 | Q149: 46861.001 | R149: 47342.555 | S149: 58469.915 | T149: 61480.388 | U149: 68866.166 | V149: 51905.143 | W149: 47028.127 | X149: 58558.559 | Y149: 115747.75
A150: D004-Oakley Alto Las Condes | B150: 34401.918 | C150: 36122.011 | D150: 27323.318 | E150: 21127.427 | F150: 23895.336 | G150: 36041.089 | H150: 36389.755 | I150: 24360.424 | J150: 27612.737 | K150: 40258.608 | L150: 22767.125 | M150: 77459.984 | N150: 39243.944 | O150: 27805.545 | P150: 31499.133 | Q150: 25978.736 | R150: 30398.124 | S150: 39276.275 | T150: 36988.097 | U150: 38915.895 | V150: 29583.811 | W150: 28845.27 | X150: 34747.349 | Y150: 97758.574
A151: D011-Oakley Marina | B151: 50706.424 | C151: 53241.745 | D151: 29794.881 | E151: 26010.965 | F151: 28161.739 | G151: 25237.648 | H151: 34420.281 | I151: 25144.801 | J151: 33051.392 | K151: 37050.1 | L151: 27670.207 | M151: 71396.225 | N151: 58623.919 | O151: 38518.438 | P151: 40834.995 | Q151: 25031.282 | R151: 31739.602 | S151: 24297.949 | T151: 28273.38 | U151: 35223.003 | V151: 31144.382 | W151: 35050.537 | X151: 42640.019 | Y151: 87278.119
A152: D012-Oakley Antofagasta | B152: 27703.956 | C152: 29089.155 | D152: 27119.47 | E152: 23848.702 | F152: 26053.913 | G152: 43292.74 | H152: 35701.348 | I152: 28620.898 | J152: 26750.493 | K152: 37990.694 | L152: 25545.594 | M152: 83895.918 | N152: 34204.946 | O152: 32272.77 | P152: 40444.901 | Q152: 20778.154 | R152: 23948.49 | S152: 33631.694 | T152: 25963.338 | U152: 43361.88 | V152: 29928.472 | W152: 32836.241 | X152: 37809.283 | Y152: 102151.85
A153: D013-Oakley Puerto Montt | B153: 40728.262 | C153: 42764.675 | D153: 19812.958 | E153: 17919.134 | F153: 16097.134 | G153: 24983.824 | H153: 23027.424 | I153: 19557.061 | J153: 19034.532 | K153: 26394.314 | L153: 21096.981 | M153: 40818.349 | N153: 43724.288 | O153: 34153.876 | P153: 34745.017 | Q153: 22531.901 | R153: 18651.657 | S153: 19644.039 | T153: 21096.91 | U153: 29687.873 | V153: 18839.216 | W153: 21012.483 | X153: 23899.908 | Y153: 54972.034
... A156: E002-Oakley El Trebol | B156: 23354.168 | C156: 24473.114 | D156: 21044.456 | E156: 17850.073 | F156: 17139.741 | G156: 26545.406 | H156: 35117.141 | I156: 21688.849 | J156: 21850.991 | K156: 21751.589 | L156: 17332.06 | M156: 57196.809 | N156: 27831.697 | O156: 25642.21 | P156: 24723.364 | Q156: 23444.361 | R156: 21591.383 | S156: 22579.846 | T156: 25538.48 | U156: 30381.89 | V156: 23297.163 | W156: 21460.856 | X156: 28805.818 | Y156: 77048.549
A157: E602-The Lab Easton Center | B157: 10223.911 | C157: 11379.585 | D157: 13283.459 | E157: 0 | F157: 0 | G157: 0 | H157: 0 | I157: 0 | J157: 0 | K157: 0 | L157: 0 | M157: 0
A158: B023-Bamers Florida Center | B158: 28226.243 | C158: 5606.176 | D158: 0 | E158: 0 | F158: 0 | G158: 0 | H158: 0 | I158: 0 | J158: 0 | K158: 0 | L158: 0 | M158: 0
A159: B023-Bamers Florida Center | B159: 15056.862 | C159: 11962.119 | D159: 0 | E159: 0 | F159: 17363.715 | G159: 11303.51 | H159: 10923.394 | I159: 5352.2839 | J159: 5819.6735 | K159: 8086.808 | L159: 13952.304 | M159: 31229.831
A160: 2001-Bold Plaza Vespucio | B160: 107857.12 | C160: 147210.16 | D160: 0 | E160: 0 | F160: 0 | G160: 0 | H160: 0 | I160: 0 | J160: 0 | K160: 0 | L160: 0 | M160: 0
A161: 1011-Belsport Puerto Montt | B161: 133918.06 | C161: 240709.6 | D161: 130485.06 | E161: 92922.515 | F161: 88237.451 | G161: 90911.349 | H161: 89881.344 | I161: 116374.47 | J161: 130061.21 | K161: 106825.63 | L161: 115611.18 | M161: 302666.46 | N161: 113567.61 | O161: 183363.22 | P161: 154788.15 | Q161: 112214.12 | R161: 98952.543 | S161: 90507.495 | T161: 90858.357 | U161: 92570.128 | V161: 127941.23 | W161: 130431.23 | X161: 127616.76 | Y161: 247773.93
A162: 5002-Drops MUT | B162: 0 | C162: 0 | D162: 0 | E162: 0 | F162: 0 | G162: 39102.985 | H162: 73058.272 | I162: 81482.938 | J162: 71963.888 | K162: 71345.406 | L162: 78261.662 | M162: 166721.8 | N162: 60000 | O162: 78345.473 | P162: 74304.389 | Q162: 54322.712 | R162: 57565.602 | S162: 50162.707 | T162: 58513.425 | U162: 73394.786 | V162: 77585.668 | W162: 66148.214 | X162: 73043.392 | Y162: 164310.34
A163: 2037-Bold Vespucio III | B163: 0 | C163: 0 | D163: 236590.41 | E163: 210795.27 | F163: 210457.99 | G163: 191004.01 | H163: 192864.01 | I163: 252946.28 | J163: 267389.65 | K163: 227971.84 | L163: 251735.24 | M163: 582206.49 | N163: 195731.43 | O163: 276652.14 | P163: 253512.53 | Q163: 190543.11 | R163: 222493.44 | S163: 182675.09 | T163: 178204.41 | U163: 203086.81 | V163: 304159.55 | W163: 228109.51 | X163: 267682.8 | Y163: 664200.45
A164: 7502-Hoka Marina | N164: 76029.356 | O164: 76512.025 | P164: 80069.38 | Q164: 71402.543 | R164: 65778.145 | S164: 62731.597 | T164: 61716.08 | U164: 66246.845 | V164: 67496.711 | W164: 70903.188 | X164: 70166.903 | Y164: 146698.17
A165: P-Bamers X | B165: 0 | C165: 0 | D165: 0 | E165: 0 | F165: 0 | G165: 0 | H165: 0 | I165: 0 | J165: 0 | K165: 0 | L165: 29563.229 | M165: 66172.199
A166: P-Bamers Y | B166: 0 | C166: 0 | D166: 0 | E166: 0 | F166: 0 | G166: 0 | H166: 0 | I166: 0 | J166: 0 | K166: 0 | L166: 26091.57 | M166: 58401.484
A167: P-Apple Puerto Varas | B167: 0 | C167: 0 | D167: 0 | E167: 0 | F167: 0 | G167: 0 | H167: 0 | I167: 0 | J167: 46835.975 | K167: 64996.365 | L167: 68549.448 | M167: 123233.03
A168: P-Hoka Parque Arauco | N168: 0 | O168: 0 | P168: 0 | Q168: 121979.35 | R168: 112371 | S168: 107166.48 | T168: 105431.64 | U168: 113171.69 | V168: 115306.88 | W168: 121126.28 | X168: 119868.46 | Y168: 250609.38
A169: P-Drops Parque Arauco | N169: 0 | O169: 0 | P169: 0 | Q169: 59754.984 | R169: 57565.602 | S169: 50162.707 | T169: 58513.425 | U169: 73394.786 | V169: 77585.668 | W169: 66148.214 | X169: 73043.392 | Y169: 164310.34

Sheet PPTO_Contribución
A1: Sucursal | B1: 45658 | C1: 45689 | D1: 45717 | E1: 45748 | F1: 45778 | G1: 45809 | H1: 45839 | I1: 45870 | J1: 45901 | K1: 45931 | L1: 45962 | M1: 45992 | N1: 46023 | O1: 46054 | P1: 46082 | Q1: 46113 | R1: 46143 | S1: 46174 | T1: 46204 | U1: 46235 | V1: 46266 | W1: 46296 | X1: 46327 | Y1: 46357
A2: 1000-Belsport Ahumada | B2: =+IFERROR('contrib PPTO'!B2/PPTO_Venta!B2,0) -> 0.4126581 | C2: =+IFERROR('contrib PPTO'!C2/PPTO_Venta!C2,0) -> 0.43081837 | D2: =+IFERROR('contrib PPTO'!D2/PPTO_Venta!D2,0) -> 0.42545589 | E2: =+IFERROR('contrib PPTO'!E2/PPTO_Venta!E2,0) -> 0.41983506 | F2: =+IFERROR('contrib PPTO'!F2/PPTO_Venta!F2,0) -> 0.42218053 | G2: =+IFERROR('contrib PPTO'!G2/PPTO_Venta!G2,0) -> 0.42020461 | H2: =+IFERROR('contrib PPTO'!H2/PPTO_Venta!H2,0) -> 0.40552902 | I2: =+IFERROR('contrib PPTO'!I2/PPTO_Venta!I2,0) -> 0.4245139 | ... Y2: =+IFERROR('contrib PPTO'!Y2/PPTO_Venta!Y2,0) -> 0.439
A3: 1001-Belsport Puente | B3: =+IFERROR('contrib PPTO'!B3/PPTO_Venta!B3,0) -> 0.41339635 | C3: =+IFERROR('contrib PPTO'!C3/PPTO_Venta!C3,0) -> 0.43184515 | D3: =+IFERROR('contrib PPTO'!D3/PPTO_Venta!D3,0) -> 0.42621887 | E3: =+IFERROR('contrib PPTO'!E3/PPTO_Venta!E3,0) -> 0.42026362 | F3: =+IFERROR('contrib PPTO'!F3/PPTO_Venta!F3,0) -> 0.42353449 | G3: =+IFERROR('contrib PPTO'!G3/PPTO_Venta!G3,0) -> 0.42195679 | H3: =+IFERROR('contrib PPTO'!H3/PPTO_Venta!H3,0) -> 0.40685819 | I3: =+IFERROR('contrib PPTO'!I3/PPTO_Venta!I3,0) -> 0.42554049 | ... Y3: =+IFERROR('contrib PPTO'!Y3/PPTO_Venta!Y3,0) -> 0.439
A4: 1003-Belsport Maipu | B4: =+IFERROR('contrib PPTO'!B4/PPTO_Venta!B4,0) -> 0.41333175 | C4: =+IFERROR('contrib PPTO'!C4/PPTO_Venta!C4,0) -> 0.43175534 | D4: =+IFERROR('contrib PPTO'!D4/PPTO_Venta!D4,0) -> 0.42629343 | E4: =+IFERROR('contrib PPTO'!E4/PPTO_Venta!E4,0) -> 0.4203055 | F4: =+IFERROR('contrib PPTO'!F4/PPTO_Venta!F4,0) -> 0.4236668 | G4: =+IFERROR('contrib PPTO'!G4/PPTO_Venta!G4,0) -> 0.422128 | H4: =+IFERROR('contrib PPTO'!H4/PPTO_Venta!H4,0) -> 0.40698809 | I4: =+IFERROR('contrib PPTO'!I4/PPTO_Venta!I4,0) -> 0.42564082 | ... Y4: =+IFERROR('contrib PPTO'!Y4/PPTO_Venta!Y4,0) -> 0.439
A5: 1004-Belsport Rosas | B5: =+IFERROR('contrib PPTO'!B5/PPTO_Venta!B5,0) -> 0.41343328 | C5: =+IFERROR('contrib PPTO'!C5/PPTO_Venta!C5,0) -> 0.43189656 | D5: =+IFERROR('contrib PPTO'!D5/PPTO_Venta!D5,0) -> 0.4255964 | E5: =+IFERROR('contrib PPTO'!E5/PPTO_Venta!E5,0) -> 0.41991398 | F5: =+IFERROR('contrib PPTO'!F5/PPTO_Venta!F5,0) -> 0.42242987 | G5: =+IFERROR('contrib PPTO'!G5/PPTO_Venta!G5,0) -> 0.42052728 | H5: =+IFERROR('contrib PPTO'!H5/PPTO_Venta!H5,0) -> 0.40577379 | I5: =+IFERROR('contrib PPTO'!I5/PPTO_Venta!I5,0) -> 0.42470296 | ... Y5: =+IFERROR('contrib PPTO'!Y5/PPTO_Venta!Y5,0) -> 0.439
A6: 1005-Belsport San Bernardo | B6: =+IFERROR('contrib PPTO'!B6/PPTO_Venta!B6,0) -> 0.41392805 | C6: =+IFERROR('contrib PPTO'!C6/PPTO_Venta!C6,0) -> 0.4325847 | D6: =+IFERROR('contrib PPTO'!D6/PPTO_Venta!D6,0) -> 0.426069 | E6: =+IFERROR('contrib PPTO'!E6/PPTO_Venta!E6,0) -> 0.42017944 | F6: =+IFERROR('contrib PPTO'!F6/PPTO_Venta!F6,0) -> 0.42326854 | G6: =+IFERROR('contrib PPTO'!G6/PPTO_Venta!G6,0) -> 0.42161261 | H6: =+IFERROR('contrib PPTO'!H6/PPTO_Venta!H6,0) -> 0.40659713 | I6: =+IFERROR('contrib PPTO'!I6/PPTO_Venta!I6,0) -> 0.42533886 | ... Y6: =+IFERROR('contrib PPTO'!Y6/PPTO_Venta!Y6,0) -> 0.439
A7: 1006-Belsport Vespucio I | B7: =+IFERROR('contrib PPTO'!B7/PPTO_Venta!B7,0) -> 0.41313932 | C7: =+IFERROR('contrib PPTO'!C7/PPTO_Venta!C7,0) -> 0.43148769 | D7: =+IFERROR('contrib PPTO'!D7/PPTO_Venta!D7,0) -> 0.42619923 | E7: =+IFERROR('contrib PPTO'!E7/PPTO_Venta!E7,0) -> 0.42025259 | F7: =+IFERROR('contrib PPTO'!F7/PPTO_Venta!F7,0) -> 0.42349964 | G7: =+IFERROR('contrib PPTO'!G7/PPTO_Venta!G7,0) -> 0.42191168 | H7: =+IFERROR('contrib PPTO'!H7/PPTO_Venta!H7,0) -> 0.40682399 | I7: =+IFERROR('contrib PPTO'!I7/PPTO_Venta!I7,0) -> 0.42551408 | ... Y7: =+IFERROR('contrib PPTO'!Y7/PPTO_Venta!Y7,0) -> 0.439
A8: 1007-Belsport Rancagua | B8: =+IFERROR('contrib PPTO'!B8/PPTO_Venta!B8,0) -> 0.4123521 | C8: =+IFERROR('contrib PPTO'!C8/PPTO_Venta!C8,0) -> 0.43039277 | D8: =+IFERROR('contrib PPTO'!D8/PPTO_Venta!D8,0) -> 0.42566439 | E8: =+IFERROR('contrib PPTO'!E8/PPTO_Venta!E8,0) -> 0.41995217 | F8: =+IFERROR('contrib PPTO'!F8/PPTO_Venta!F8,0) -> 0.42255054 | G8: =+IFERROR('contrib PPTO'!G8/PPTO_Venta!G8,0) -> 0.42068344 | H8: =+IFERROR('contrib PPTO'!H8/PPTO_Venta!H8,0) -> 0.40589226 | I8: =+IFERROR('contrib PPTO'!I8/PPTO_Venta!I8,0) -> 0.42479444 | ... Y8: =+IFERROR('contrib PPTO'!Y8/PPTO_Venta!Y8,0) -> 0.439
A9: 1008-Belsport Marina | B9: =+IFERROR('contrib PPTO'!B9/PPTO_Venta!B9,0) -> 0.41098303 | C9: =+IFERROR('contrib PPTO'!C9/PPTO_Venta!C9,0) -> 0.42848857 | D9: =+IFERROR('contrib PPTO'!D9/PPTO_Venta!D9,0) -> 0.42561616 | E9: =+IFERROR('contrib PPTO'!E9/PPTO_Venta!E9,0) -> 0.41992508 | F9: =+IFERROR('contrib PPTO'!F9/PPTO_Venta!F9,0) -> 0.42246496 | G9: =+IFERROR('contrib PPTO'!G9/PPTO_Venta!G9,0) -> 0.42057267 | H9: =+IFERROR('contrib PPTO'!H9/PPTO_Venta!H9,0) -> 0.40580822 | I9: =+IFERROR('contrib PPTO'!I9/PPTO_Venta!I9,0) -> 0.42472956 | ... Y9: =+IFERROR('contrib PPTO'!Y9/PPTO_Venta!Y9,0) -> 0.439
A10: 1009-Belsport Calama | B10: =+IFERROR('contrib PPTO'!B10/PPTO_Venta!B10,0) -> 0.41249655 | C10: =+IFERROR('contrib PPTO'!C10/PPTO_Venta!C10,0) -> 0.43059367 | D10: =+IFERROR('contrib PPTO'!D10/PPTO_Venta!D10,0) -> 0.42622155 | E10: =+IFERROR('contrib PPTO'!E10/PPTO_Venta!E10,0) -> 0.42026512 | F10: =+IFERROR('contrib PPTO'!F10/PPTO_Venta!F10,0) -> 0.42353924 | G10: =+IFERROR('contrib PPTO'!G10/PPTO_Venta!G10,0) -> 0.42196293 | H10: =+IFERROR('contrib PPTO'!H10/PPTO_Venta!H10,0) -> 0.40686286 | I10: =+IFERROR('contrib PPTO'!I10/PPTO_Venta!I10,0) -> 0.4255441 | ... Y10: =+IFERROR('contrib PPTO'!Y10/PPTO_Venta!Y10,0) -> 0.439
A11: 1010-Belsport Concepcion I | B11: =+IFERROR('contrib PPTO'!B11/PPTO_Venta!B11,0) -> 0.41201794 | C11: =+IFERROR('contrib PPTO'!C11/PPTO_Venta!C11,0) -> 0.429928 | D11: =+IFERROR('contrib PPTO'!D11/PPTO_Venta!D11,0) -> 0.42571328 | E11: =+IFERROR('contrib PPTO'!E11/PPTO_Venta!E11,0) -> 0.41997963 | F11: =+IFERROR('contrib PPTO'!F11/PPTO_Venta!F11,0) -> 0.42263729 | G11: =+IFERROR('contrib PPTO'!G11/PPTO_Venta!G11,0) -> 0.4207957 | H11: =+IFERROR('contrib PPTO'!H11/PPTO_Venta!H11,0) -> 0.40597741 | I11: =+IFERROR('contrib PPTO'!I11/PPTO_Venta!I11,0) -> 0.42486023 | ... Y11: =+IFERROR('contrib PPTO'!Y11/PPTO_Venta!Y11,0) -> 0.439
A12: 1012-Belsport Plaza Oeste II | B12: =+IFERROR('contrib PPTO'!B12/PPTO_Venta!B12,0) -> 0.41396618 | C12: =+IFERROR('contrib PPTO'!C12/PPTO_Venta!C12,0) -> 0.43263774 | D12: =+IFERROR('contrib PPTO'!D12/PPTO_Venta!D12,0) -> 0.42608111 | E12: =+IFERROR('contrib PPTO'!E12/PPTO_Venta!E12,0) -> 0.42018623 | F12: =+IFERROR('contrib PPTO'!F12/PPTO_Venta!F12,0) -> 0.42329001 | G12: =+IFERROR('contrib PPTO'!G12/PPTO_Venta!G12,0) -> 0.4216404 | H12: =+IFERROR('contrib PPTO'!H12/PPTO_Venta!H12,0) -> 0.40661819 | I12: =+IFERROR('contrib PPTO'!I12/PPTO_Venta!I12,0) -> 0.42535514 | ... Y12: =+IFERROR('contrib PPTO'!Y12/PPTO_Venta!Y12,0) -> 0.439
A13: 1013-Belsport Los Angeles | B13: =+IFERROR('contrib PPTO'!B13/PPTO_Venta!B13,0) -> 0.41286925 | C13: =+IFERROR('contrib PPTO'!C13/PPTO_Venta!C13,0) -> 0.43111203 | D13: =+IFERROR('contrib PPTO'!D13/PPTO_Venta!D13,0) -> 0.42612473 | E13: =+IFERROR('contrib PPTO'!E13/PPTO_Venta!E13,0) -> 0.42021075 | F13: =+IFERROR('contrib PPTO'!F13/PPTO_Venta!F13,0) -> 0.42336743 | G13: =+IFERROR('contrib PPTO'!G13/PPTO_Venta!G13,0) -> 0.42174061 | H13: =+IFERROR('contrib PPTO'!H13/PPTO_Venta!H13,0) -> 0.40669419 | I13: =+IFERROR('contrib PPTO'!I13/PPTO_Venta!I13,0) -> 0.42541383 | ... Y13: =+IFERROR('contrib PPTO'!Y13/PPTO_Venta!Y13,0) -> 0.439
... A169: P-Drops Parque Arauco | B169: =+IFERROR('contrib PPTO'!B169/PPTO_Venta!B169,0) -> 0 | C169: =+IFERROR('contrib PPTO'!C169/PPTO_Venta!C169,0) -> 0 | D169: =+IFERROR('contrib PPTO'!D169/PPTO_Venta!D169,0) -> 0 | E169: =+IFERROR('contrib PPTO'!E169/PPTO_Venta!E169,0) -> 0 | F169: =+IFERROR('contrib PPTO'!F169/PPTO_Venta!F169,0) -> 0 | G169: =+IFERROR('contrib PPTO'!G169/PPTO_Venta!G169,0) -> 0 | H169: =+IFERROR('contrib PPTO'!H169/PPTO_Venta!H169,0) -> 0 | I169: =+IFERROR('contrib PPTO'!I169/PPTO_Venta!I169,0) -> 0 | ... Y169: =+IFERROR('contrib PPTO'!Y169/PPTO_Venta!Y169,0) -> 0.445
